outcome,contrast,estimate,ci_low,ci_high,unadjusted_p,replicates,interpretation,holm_adjusted_p
any_readmission,mlm_only - joint_main,0.0003668547045859172,-0.00046071652334635644,0.0012069346883689697,0.37162837162837165,1000,exploratory; no equivalence claim,1.0
any_readmission,scratch - joint_main,-0.0004266537947250626,-0.001838786565953708,0.001115472786063741,0.5814185814185814,1000,exploratory; no equivalence claim,1.0
any_readmission,ap_only - joint_main,0.0013455208666435792,0.00017044797586586587,0.002560423131777374,0.03396603396603397,1000,exploratory; no equivalence claim,0.25574425574425574
any_readmission,no_hierarchy_parameter_matched - joint_main,-0.0018992846080083114,-0.0036138339298952215,-0.00019053953197519378,0.03196803196803197,1000,exploratory; no equivalence claim,0.25574425574425574
any_readmission,no_prday - joint_main,2.8283742946055845e-06,-0.00046686315704286415,0.00044145124343479005,0.9590409590409591,1000,exploratory; no equivalence claim,1.0
any_readmission,no_prior - joint_main,-0.0021280865403843774,-0.0034794633219135075,-0.0006170002541219925,0.003996003996003996,1000,exploratory; no equivalence claim,0.03596403596403597
any_readmission,no_hospital_socioeconomic - joint_main,-0.0004925445704152542,-0.0015859627511289943,0.0006517339649835098,0.34965034965034963,1000,exploratory; no equivalence claim,1.0
any_readmission,no_year - joint_main,-0.00014488937353956954,-0.0008304125822711506,0.0005459892320149275,0.6813186813186813,1000,exploratory; no equivalence claim,1.0
any_readmission,common_variable_only - joint_main,-0.00038089763838283774,-0.0019320733076139698,0.0010978999129599952,0.6153846153846154,1000,exploratory; no equivalence claim,1.0
ap_specific_readmission,mlm_only - joint_main,0.00026651020167597905,-0.0009012599026539163,0.0015258527233245726,0.6793206793206793,1000,exploratory; no equivalence claim,1.0
ap_specific_readmission,scratch - joint_main,-0.0008651529446837558,-0.00285540107477745,0.0011149010529361665,0.4035964035964036,1000,exploratory; no equivalence claim,1.0
ap_specific_readmission,ap_only - joint_main,0.001419388617365902,8.338838563383341e-05,0.0027694036803317364,0.03996003996003996,1000,exploratory; no equivalence claim,0.3596403596403596
ap_specific_readmission,no_hierarchy_parameter_matched - joint_main,-0.0011604097196123153,-0.003238980301744112,0.0008054433928179123,0.25774225774225773,1000,exploratory; no equivalence claim,1.0
ap_specific_readmission,no_prday - joint_main,-0.00035339513073884277,-0.001003053509865167,0.00022863562915467035,0.25374625374625376,1000,exploratory; no equivalence claim,1.0
ap_specific_readmission,no_prior - joint_main,-0.0021576641539240438,-0.004160211511097986,-5.0295722590655326e-05,0.04795204795204795,1000,exploratory; no equivalence claim,0.3836163836163836
ap_specific_readmission,no_hospital_socioeconomic - joint_main,0.0007541765614674789,-0.00034896907268118017,0.0018679833201105897,0.1998001998001998,1000,exploratory; no equivalence claim,1.0
ap_specific_readmission,no_year - joint_main,0.000372858490114536,-0.0006045200095939708,0.001274284925489168,0.4255744255744256,1000,exploratory; no equivalence claim,1.0
ap_specific_readmission,common_variable_only - joint_main,0.0014764623115821884,-0.0001571882802511297,0.0031857779964980146,0.0919080919080919,1000,exploratory; no equivalence claim,0.6433566433566433
