path	bytes	sha256	role	redistribution
.gitattributes	185	be7decc3c61cac181acff76e07e566a2cb1c8ea360bcb7841ae75b26e3b9aa14	repository metadata	public package; third-party data retain original terms
.gitignore	480	1b01c7484d5b61ab7c8fc02f5325989af997b3c7d61efac69348417bd063b298	repository metadata	public package; third-party data retain original terms
CITATION.cff	1383	21998a8446b0d3e5eb50459f59b05e41e8f5a3c7d9421f133c0231014f7b90e4	repository metadata	public package; third-party data retain original terms
configs/mimic_transfer/common_variable_2021b_conformal_registry_public.json	1705	71ab16969eef4e2e11e35938cff46454012368c912c8d06a5a33a0a57437ed84	frozen non-patient configuration	public package; third-party data retain original terms
configs/mimic_transfer/common_variable_model_lock_2021A_public.json	1950	5e56daf3ce78143407dc02f59367b709426a602530d0556308ee0199bc776ecc	frozen non-patient configuration	public package; third-party data retain original terms
configs/mimic_transfer/conformal_calibrator_2021B.json	20007	cecfac8b559f4017979611dd90c5fb82060be072e2459023dee522f037d02aa2	frozen non-patient configuration	public package; third-party data retain original terms
configs/mimic_transfer/execution_spec_public.json	7176	6659d54cd5658af96bb688c7b8cbc876b6664b2a403e194e9e63804e73beecd2	frozen non-patient configuration	public package; third-party data retain original terms
configs/mimic_transfer/method_lock_public.json	14376	658a1e3f18338eac72dede7c4374200c81415f072a0b91d3ce3e1e1cdd56d5ff	frozen non-patient configuration	public package; third-party data retain original terms
configs/python_environment.lock	419	2330ff1822cf6edec9a44fdc49e5a5241b842cdf98dcb14e65a51c6acf6db1ee	frozen non-patient configuration	public package; third-party data retain original terms
configs/reference/nrd_file_specs.json	1241967	045d8c1f8fb8799b857d4cb4682c88eb76007ace9200bedf4bbca4e96741e6a8	frozen non-patient configuration	public package; third-party data retain original terms
configs/stage2_lock/analysis_lock.json	4022	d87e13255781cfc52623757abb5546c771053b554419a62a887605ae11ee1b86	frozen non-patient configuration	public package; third-party data retain original terms
configs/stage2_lock/decision_log.md	2713	a67371ea3da51b8389f25ed31e3055f2042b3451af055b41d4b91eb8562febf9	frozen non-patient configuration	public package; third-party data retain original terms
configs/stage2_lock/leakage_blacklist.yml	973	c6906b6233b9a9a7c3957de78685ce69cebb0ca99ecc107f9b0c0424a4961f54	frozen non-patient configuration	public package; third-party data retain original terms
configs/stage2_lock/ontology/hierarchy.yml	1024	71ed8f18b5d0036a1b47cad9c658be6fc1560af94af96d490667088a96c4f472	frozen non-patient configuration	public package; third-party data retain original terms
configs/stage2_lock/ontology/icd_ccsr_labels.csv	48570	ed645739cf01ade16042c532b25a6114e50e8dc530e0ceb3d205d8e7f1e1fc86	frozen non-patient configuration	public package; third-party data retain original terms
configs/stage2_lock/ontology/priority_rules.yml	1469	bf8c60b4ec0fd7abc8ba823dd0a26d4c1fcee44f79238decdc4b83538d197888	frozen non-patient configuration	public package; third-party data retain original terms
configs/stage2_lock/outcome_timing_matrix.csv	1874	62ebb668b9abec55551c2a56290fb3e9ed9457c68c90a05432f63f5897dcf2e3	frozen non-patient configuration	public package; third-party data retain original terms
configs/stage2_lock/planned_readmission/algorithm_rules.yml	1122	b42dc1db8daafa652c25854243fd7f2dadf65598c8c6c7fe82fb3d19c65e7847	frozen non-patient configuration	public package; third-party data retain original terms
configs/stage2_lock/planned_readmission/annual_algorithm_code_sets.parquet	659690	5f131b0183882bf2db2d9c79d6fb2189a8e5b356910cd60e09aa2b8879e7d917	frozen non-patient configuration	public package; third-party data retain original terms
configs/stage2_lock/planned_readmission/annual_ccs_mapping.parquet	5455987	6ec4b8580dd03a196f392ba7cd206db9bdc3d12750fcb19467567a7d3fc5246c	frozen non-patient configuration	public package; third-party data retain original terms
configs/stage2_lock/planned_readmission/annual_spec_rows.csv	11337581	7f3b37a5f1566703104d57a50b48bc27ce3b4737969b4a0a4373ce570b390bf5	frozen non-patient configuration	public package; third-party data retain original terms
configs/stage2_lock/planned_readmission/planned_readmission_lock.json	11416	e1e682fea14da07e5b9ac531be13859781b7f8ad277bfdc1d6e73509aca64fa1	frozen non-patient configuration	public package; third-party data retain original terms
configs/stage2_lock/sap_v1.md	7107	26d4d0b5fa547b65e4250c15ff6146b6cd5c76b205d69f7eaf491a3ec6bbec49	frozen non-patient configuration	public package; third-party data retain original terms
configs/stage2_lock/stage2_gate.md	1001	e8c305ae1d83a80ea7dcacf2bf8fa207aeab0ced5ee0088302ef369c173aceee	frozen non-patient configuration	public package; third-party data retain original terms
configs/stage3_build/auxiliary_endpoint_spec.md	3100	70daf89af2175a9d16b7eeb9058f86337ef486ca2f202347c3a4bc6a4357bcc1	frozen non-patient configuration	public package; third-party data retain original terms
configs/stage3_build/auxiliary_thresholds.json	1283	7d82dd5997f1a30fe75321e727a67bee6b4040b61db72c4257757c0e221ec84c	frozen non-patient configuration	public package; third-party data retain original terms
configs/stage3_build/episode_linkage_spec.md	4444	7a9dce81ff3b311150811e9b8c5b65da476cd5db336033bc1e54eecbf5f547be	frozen non-patient configuration	public package; third-party data retain original terms
configs/stage3_build/token_code_sets.json	7105108	13076a4f24dc13d5cd359663d8ed4d382565f98a1b5ff10d556781386622af71	frozen non-patient configuration	public package; third-party data retain original terms
configs/stage7_pre2022_lock/cpi_2022_to_2021.json	554	c9645baa211a40954a8fe67d3866cf4bf86771cabf2d955f7acc8cfbadb52786	frozen non-patient configuration	public package; third-party data retain original terms
configs/stage7_pre2022_lock/data_specs/frozen_2022_derivative_spec.json	2742	45ccf14662a080b06202944d806b9a3acb2517e5de01ec146c2712b41b2af912	frozen non-patient configuration	public package; third-party data retain original terms
configs/stage7_pre2022_lock/data_specs/frozen_2022_derivative_spec.json.sha256	100	43876e64fd0dde833922bb7b1e585d19df9e7015cac18920279a2a2485950a06	frozen non-patient configuration	public package; third-party data retain original terms
configs/stage7_pre2022_lock/data_specs/frozen_2022_etl_spec.json	3922723	f620585705aa810a35ee88ffbb78db3d2295b9a216b0c1ce5f9bcb63a672eb92	frozen non-patient configuration	public package; third-party data retain original terms
configs/stage7_pre2022_lock/data_specs/frozen_2022_etl_spec.json.sha256	93	5c4d83e79f76122b1cd52bd8474002e600450d8126acc19c816c323a6b624f60	frozen non-patient configuration	public package; third-party data retain original terms
configs/stage7_pre2022_lock/planned_readmission_2022/algorithm_rules_2022.yml	332	17798dc5ccf0d269cca9f0b6c029a570860a9fab6308fc4142f2990d952617a1	frozen non-patient configuration	public package; third-party data retain original terms
configs/stage7_pre2022_lock/planned_readmission_2022/annual_algorithm_code_sets_2022.parquet	242363	6d488576caf75b53f6db61b402042b659b04824dfb1b210b7747605d111e8b35	frozen non-patient configuration	public package; third-party data retain original terms
configs/stage7_pre2022_lock/planned_readmission_2022/annual_ccs_mapping_2022.parquet	1539917	eb2d2c9f4ccad244efe3af1816d06a693eba11a0f5279ca70a15c55d48273701	frozen non-patient configuration	public package; third-party data retain original terms
configs/stage7_pre2022_lock/planned_readmission_2022/annual_spec_rows_2022.csv	2637045	9f219370c5c654594534b779207ea7f10411934dca6ec4b513938b4d2dbb959f	frozen non-patient configuration	public package; third-party data retain original terms
configs/stage7_pre2022_lock/planned_readmission_2022/planned_readmission_2022_lock.json	5467	8ad5391afb31c72aa54b41875cac0d458b05182fe02f3140ae464683b8855010	frozen non-patient configuration	public package; third-party data retain original terms
configs/stage7_pre2022_lock/planned_readmission_2022/planned_readmission_2022_lock.json.sha256	102	8452d66fd3dd88d547d7b2f7a21ab7cb83f4b424bc387eeda65e4b3f95d58033	frozen non-patient configuration	public package; third-party data retain original terms
docs/CODE_AVAILABILITY.md	1131	117101b38ad8036e7a94c6168ddef548b45b160310e2d6b3d080732d59d3d0d3	repository documentation	public package; third-party data retain original terms
docs/DATA_ACCESS.md	1969	22545762b4cd11b15dceaf9978069b807f94680b47fac135b9480477090f8d9c	documentation	public package; third-party data retain original terms
docs/RELEASE_CHECKLIST.md	956	30e6b9e8025d2e47ec1e99287e0f8b04dd60d4ebc5bd037ac248d8d9bbb48e5c	documentation	public package; third-party data retain original terms
docs/REPRODUCIBILITY.md	2808	2214f28bd6a5bb38ab0defd494303bd8acca1bbff245ad1d27b2a8168ea69276	documentation	public package; third-party data retain original terms
docs/RESTRICTED_DATA.md	1594	340f70b8356e34da9cb1d6406696b11f89e4c79ec7e8f8a82c1fbc665d8499b4	documentation	public package; third-party data retain original terms
docs/RESULT_PROVENANCE.md	1330	e08e946da6a7ce81c477546efe121fc8805308a7de3cd56fbf9ff98ae40e3f9c	documentation	public package; third-party data retain original terms
docs/VALIDATION_REPORT.md	581	7a8e464ad29efb32c2fa1bb7bc2122b17a1053689ff5636a766b1ce89549e3e8	documentation	public package; third-party data retain original terms
environment.yml	158	b12609fe30acf0e37d787364f4e594d8911ef0b8443e83acf93e768eda4b59dc	repository metadata	public package; third-party data retain original terms
LICENSE	1086	7d70bd47cedf801e33288beae91103355fcab584b3fd89a02d8b2ed309b333b6	repository metadata	public package; third-party data retain original terms
LICENSE_NOTE.md	365	4cc08c0c2d9eaa53c4710122aebaefab76c88897b819a951f2a50ca936a5642b	repository metadata	public package; third-party data retain original terms
manifests/SOURCE_PROVENANCE.tsv	42426	81dc94da7b08f996917b78f21b6626bc1f0dc0e7728eab791340743e4202c56e	provenance or checksum	public package; third-party data retain original terms
pyproject.toml	866	836f6dd592c8f734c2e1d6bbaad18ae6d369fb1000d0020afe6c76fc4f94b159	repository metadata	public package; third-party data retain original terms
r-requirements.txt	81	6084563b8e538a0010a66bba635639cc34e12e3c80461c1a1e483b9e214cb4d0	repository metadata	public package; third-party data retain original terms
README.md	3768	9f30d6badb122fae3173af18efbefe6b4461006244667fb9ce1c13fbbc88f398	repository metadata	public package; third-party data retain original terms
requirements.txt	224	51a001d206f00209199c69a870efbdd4f62fb5f41ea652deeee5e1bbcfe062f8	repository metadata	public package; third-party data retain original terms
results/figures/Figure_1_frozen_timeline_and_flow.pdf	38163	cb7a576213b84f7e697a7948dab8c907639074c7477c3dfc991ee7a2d588a68e	disclosure-safe aggregate result	public package; third-party data retain original terms
results/figures/Figure_1_frozen_timeline_and_flow.svg	6990	b996ce06773f3401881ef13e278838db592ddffc9dcafc978b14dbc73a1c2ab9	disclosure-safe aggregate result	public package; third-party data retain original terms
results/figures/Figure_2_2022_temporal_evaluation.pdf	43442	9eb4c9f7059ec2c91e6baef991a9f188305163f83026cdfdd8311360cdb309ab	disclosure-safe aggregate result	public package; third-party data retain original terms
results/figures/Figure_2_2022_temporal_evaluation.svg	37246	4231d3e69d892f01a1b9b1dc366ee91c73cc871e7c9140708bb8a11da60ed5c9	disclosure-safe aggregate result	public package; third-party data retain original terms
results/figures/Figure_3_restricted_mimic_comparison.pdf	43534	3628f2a91e542adc689bfd33b58b93958a214dc344cd96480c181bdbfc57cdcb	disclosure-safe aggregate result	public package; third-party data retain original terms
results/figures/Figure_3_restricted_mimic_comparison.svg	37233	ae95ce50164708a526fa03e48f9647b79661bd989d4897fe9e1d7a85cf6002af	disclosure-safe aggregate result	public package; third-party data retain original terms
results/figures/Supplementary_Figure_1_conformal_transfer.pdf	36798	0117d5f02480de6936c02ce859872c75126c6d9f3fe9adca5376f35e1ab312ba	disclosure-safe aggregate result	public package; third-party data retain original terms
results/figures/Supplementary_Figure_1_conformal_transfer.svg	14370	d2144c50d8727e1152030050191ad6fa954532299e4786b7c637e55f0db010d8	disclosure-safe aggregate result	public package; third-party data retain original terms
results/public_source_data/calibration_intercept_slope_bootstrap_ci.csv	1118	e8c0e3dfd5cb243160fd674dbebf668973bdb538ccc1f20ed3643e2cb60c8c89	disclosure-safe aggregate result	public package; third-party data retain original terms
results/public_source_data/co_primary_simultaneous_inference.csv	545	38cf99ca24636b765725a4499b495d1dbd7e57b79c8e39a75d78e88d5ac79250	disclosure-safe aggregate result	public package; third-party data retain original terms
results/public_source_data/first_index_sensitivity.csv	1160	7ec78d18ad3c6adf959926571b16eef2bbe13c88bc3e5e2dbd44937e96379ac0	disclosure-safe aggregate result	public package; third-party data retain original terms
results/public_source_data/frozen_threshold_operating_metrics_ci.csv	1907	0ad09e8378fb22f0b72a484cd631a135e222a52a28deecc506d972cf3d9d2691	disclosure-safe aggregate result	public package; third-party data retain original terms
results/public_source_data/full_period_episode_reconstruction_audit.csv	386	833982a332811e0f4174844c43707170ab85b22c525dd9095d08b4cd7a7c0fe4	disclosure-safe aggregate result	public package; third-party data retain original terms
results/public_source_data/mimic_cohort_characteristics.csv	288	37d5b093b48fd51e90f77918ca569bc0d7fd617691c12e648606fdd51015a1a9	disclosure-safe aggregate result	public package; third-party data retain original terms
results/public_source_data/mimic_common_baseline_oov_stratified_metrics_ci.csv	8352	b7e2c4ea919dd614942001166dd64bf1d1aa363e192163d597e3a4f5c10d94fe	disclosure-safe aggregate result	public package; third-party data retain original terms
results/public_source_data/mimic_common_baseline_overall_metrics_ci.csv	4343	71cbd931a77953ad051c241a0092211bc4316c219e6245803a884948245a5e31	disclosure-safe aggregate result	public package; third-party data retain original terms
results/public_source_data/mimic_common_baseline_paired_differences_ci.csv	2258	46868775b30d82af0ebcfa446532ff5c10c9e52371676f4d8334717f3abff871	disclosure-safe aggregate result	public package; third-party data retain original terms
results/public_source_data/mimic_conformal_leaf_coverage.csv	1748	a8aaf42bb170022b1ef14fec5ac9b6943e1988bbebc2c8e1e56c1ede35647985	disclosure-safe aggregate result	public package; third-party data retain original terms
results/public_source_data/mimic_conformal_risk_coverage.csv	710	9299776e6ee5c3d88447d546bd787461ba8dad65a46d51800a7f58959cb15792	disclosure-safe aggregate result	public package; third-party data retain original terms
results/public_source_data/mimic_overall_metrics_ci.csv	1456	14d2830578499d3abef7fe9448a2641857960b512340b435a772cddac11f62dd	disclosure-safe aggregate result	public package; third-party data retain original terms
results/public_source_data/nrd_cohort_characteristics.csv	1843	5d3d3fc5e340c37a8ece95d906b392c0abd9b81478167fc588247cefda908f3d	disclosure-safe aggregate result	public package; third-party data retain original terms
results/public_source_data/primary_absolute_metrics_ci.csv	2315	6cb7ff159f37911ea352319b5f28a21c6b3336124546cee0f4cfe7432e853e3d	disclosure-safe aggregate result	public package; third-party data retain original terms
results/public_source_data/technical_amendment_impact.csv	517	4df331aca732cc9395d4d358f9b91630d803aab83b0fc25fb4e75a41e155ef3e	disclosure-safe aggregate result	public package; third-party data retain original terms
results/public_source_data/transformer_ablation_paired_ci.csv	3386	700b82862945beaa892be3e74defce04c913f83f3d39fd0e3c4db1a1a9c099a8	disclosure-safe aggregate result	public package; third-party data retain original terms
scripts/verify_release.py	7134	8636f3bde02445e0fb2b27cf7fa2dc3a8ae258564f6ea1755599ae72321c9f95	release or figure entry point	public package; third-party data retain original terms
src/local_pipeline/build_ap_episodes.py	10857	08dae9a3df9b756ebd3fdd035073259e8b79d85c8c87c265d080d3c4535ddffc	analysis code	public package; third-party data retain original terms
src/local_pipeline/build_sanitized_admissions.py	7020	2ecf3a22cacd39744760a6a898063c937c8739e5986e5a8d037e8d24ca19ff2f	analysis code	public package; third-party data retain original terms
src/local_pipeline/build_token_code_sets.py	5081	05aefdd5e1ab91ef3a49c167c3452a2fc54bec0ec31b3692eba49ae4e190aed6	analysis code	public package; third-party data retain original terms
src/local_pipeline/compact_aux_etl.py	13939	acbe2f99019854ae674e0081478beb0f85cb8aa9c009f6e1536fd6b8071e6179	analysis code	public package; third-party data retain original terms
src/local_pipeline/compact_core_etl.py	19449	908de091cebed6c0a0eb21d6cb9f33d206701e8fa74190a90485dab5dad7d96d	analysis code	public package; third-party data retain original terms
src/local_pipeline/config/storage_protocol_amendment_v1.md	3022	86ceaf3b2f1a36f64f7b57a86fffb9f982046ef6414a57e6d30f3b114d554e09	analysis code	public package; third-party data retain original terms
src/local_pipeline/derive_training_exact_flags.py	7868	0a07bfa535a4cd87da5f1c1acb3a7b256c77cf4ea2b281c70a924c6c7f9c3da2	analysis code	public package; third-party data retain original terms
src/local_pipeline/extract_2021_exact_flags.py	13730	bc009dcb0d6be4a29272817c0c7f5926b8dee333562b49907720449854d2eebc	analysis code	public package; third-party data retain original terms
src/local_pipeline/lock_auxiliary_thresholds.py	4195	2f0ff67e54f23b2b7377c359d48e92b29d64c0f444b8cf8b95469f7ccc860196	analysis code	public package; third-party data retain original terms
src/local_pipeline/sanitize_severity_keys.py	4902	0a020b4126726c9e5f954cb43f909e16d942195d1bbc39d605690a4db85e1038	analysis code	public package; third-party data retain original terms
src/local_pipeline/tests/test_auxiliary_thresholds.py	530	db6240322ec20f3e4e345d707617f91f993f52a7a50ea59d0dc6f41d974cd0fa	analysis code	public package; third-party data retain original terms
src/local_pipeline/tests/test_compact_aux_etl.py	592	5f354a91391acd0421f9153445a538703bd240abb452b8c1d671c2072a6f3ef4	analysis code	public package; third-party data retain original terms
src/local_pipeline/tests/test_compact_core_etl.py	2562	6c71ee8d29c2fcb9fed942a6f93efabc8cc79571b5d6044a333f84154755dda8	analysis code	public package; third-party data retain original terms
src/local_pipeline/tests/test_exact_flags.py	1115	049ff7fdb691bb87badac6f25cf4003071edc9095ccab11aed0219fb4136157f	analysis code	public package; third-party data retain original terms
src/mimic_transfer/analyze_mimic_upgrade_v1.py	12699	8a544074a6cf9c8a079b92b7e6ce09f93884c25dfa1baf5de054e70079f8ec7d	analysis code	public package; third-party data retain original terms
src/mimic_transfer/build_mimic_transfer_execution_spec_v3.py	25358	dff920e758c044a8d76d58f5079ad1cebbb1387b5f31d9ed70c56a33e7a5d950	analysis code	public package; third-party data retain original terms
src/mimic_transfer/common_variable_inference_adapter_v2.py	27085	ce8d97545f5f214f394ddaff086e1ca0ae90db67f6b498e7e49afd9e75868333	analysis code	public package; third-party data retain original terms
src/mimic_transfer/freeze_common_variable_2021b_conformal.py	34454	75f808acc81d02d15d4cbe427842c47e3b0886698955a6c4267188c78973c1c9	analysis code	public package; third-party data retain original terms
src/mimic_transfer/run_locked_mimic_transfer_v7.py	54995	e08d98f3143a96df70ba5a701b0e4240712ae73af342e7b812ea0081acb45c5c	analysis code	public package; third-party data retain original terms
src/mimic_transfer/tests/test_build_mimic_transfer_execution_spec_v3.py	15388	ac5b2a1e7d6c995bec28428eb317542960ee6183ac7b5756a4735737e7a19cf9	analysis code	public package; third-party data retain original terms
src/mimic_transfer/tests/test_common_variable_inference_adapter_v2.py	14637	e5cd2341284958da9410a114425f35e392d99f266452d9f3ec46067f5d1fddc5	analysis code	public package; third-party data retain original terms
src/mimic_transfer/tests/test_freeze_common_variable_2021b_conformal.py	13212	121538eb3306b1ae132dbf476720f89b7d72546c7e8666c199367fc6b7d2beda	analysis code	public package; third-party data retain original terms
src/mimic_transfer/tests/test_run_locked_mimic_transfer_v7.py	21384	32382f5a084ae889797564e12ad04b07c02c991108a0caf3baf271e203b6d682	analysis code	public package; third-party data retain original terms
src/reporting/INPUT_PROVENANCE.md	1827	c63e6f959cbd81873fe0d6308fc7360c0834bd5c3d22a30dd906aa6ec99f4103	analysis code	public package; third-party data retain original terms
src/revision_analyses/analyze_mimic_extended.py	16904	728395fafc0a25a48ed8006f23a90c9cf5b6d954e2943d870a04b7b472b0a7f9	analysis code	public package; third-party data retain original terms
src/revision_analyses/audit_reanalyze_2022.py	29295	c895c3a54202db85fbed1d29923b01d1b2f2a4f5b7b8245018f85ba341e50b15	analysis code	public package; third-party data retain original terms
src/revision_analyses/augment_2022_calibration_ci.py	15319	57121fb2e82eae177d7164f11b78303ca4c27330c35eed2a73bd0c023ab652de	analysis code	public package; third-party data retain original terms
src/revision_analyses/infer_mimic_common_baselines.py	25720	50a382772b49983176e71a9e11fc96566def3f72e9db06719c7d7b18a9e9ad68	analysis code	public package; third-party data retain original terms
src/revision_analyses/README.md	866	21ab744c22ed26b4ebc2ff2b746c9759449c96f46dc71bd8af6195715993f0bf	analysis code	public package; third-party data retain original terms
src/revision_analyses/reanalysis_contract.json	1591	9136c4ff601e0ebfe6ef5c007298a280b9ba7f1bdc95fe3ca6ec5161e89b819e	analysis code	public package; third-party data retain original terms
src/revision_analyses/train_common_variable_baselines.py	18040	b068a3c678d7d719d1681820a9378cb9b072041ab001965bd54d618bd40f7b24	analysis code	public package; third-party data retain original terms
src/stage2/build_planned_readmission_lock.py	16530	084101359fa5f11a32419b81f3e8ecbf4bf4a18633cfa6aa1efaffe9cc9db517	analysis code	public package; third-party data retain original terms
src/stage2/build_stage2_lock.py	30524	f6e616c113ea65a015e25826ffe8a8416d80e9f331cf1bff920682298402857f	analysis code	public package; third-party data retain original terms
src/stage2/download_qualitynet_file.py	5757	ba86740898691a9ca658fe24be6ef11e98a72370a123982bb6d337b505713fdf	analysis code	public package; third-party data retain original terms
src/stage2/planned_readmission.py	3642	44443a16a773d4cb111a62aad7dcb5394857ab1f4e1bfa3cc97f9012a77b9509	analysis code	public package; third-party data retain original terms
src/stage2/tests/test_planned_readmission.py	2704	76c78be78eb7360747111d8001cd4868084b33a45267e568d3f5afbc2f70a1d0	analysis code	public package; third-party data retain original terms
src/stage4/audit_baseline_v2.py	7632	58400d5b78bc1176d1e59f79191a993ee8cd48fc02e7db0921ab97a58e92d4e8	analysis code	public package; third-party data retain original terms
src/stage4/build_ap_history.py	10600	b309e4830157a6394f5412937d2602a8d1dcae4d616ee1cdeff7ea0963170bc9	analysis code	public package; third-party data retain original terms
src/stage4/build_hierarchy_map.py	6796	b1f3f6ad4a8d719e2a0899eba05e8380b83b348feed477003462816b710fe540	analysis code	public package; third-party data retain original terms
src/stage4/tests/test_build_ap_history.py	2986	7365d0b98f6ced264d0894204e7684a90036b97bb7825a23b7f4e888b7ba721d	analysis code	public package; third-party data retain original terms
src/stage4/tests/test_build_hierarchy_map.py	1278	22fc35caf99d2f2607c326eb1fd22e346cc18bada24a9381c9492228c8a95861	analysis code	public package; third-party data retain original terms
src/stage4/tests/test_train_baselines.py	3757	cfdaf5f69391307f8bf5392b43616a89950b8bb7d6218b1461c5e2f64053d98e	analysis code	public package; third-party data retain original terms
src/stage4/train_baselines.py	34065	db1351a0900459c773ccb83b8a15c48ad562fb6fca36fc8fbcccaf099971cce5	analysis code	public package; third-party data retain original terms
src/stage5/claims_transformer.py	12651	7f6d84cbfaaa09fcac6a42bd426e07479c1e3132eeb7a735a840dc6a59f224be	analysis code	public package; third-party data retain original terms
src/stage5/finetune_ap_transformer_v2.py	42228	85a0d7d12d00fe6361a500e987c4750b19711105fec54efb2cbb9517a2bd909f	analysis code	public package; third-party data retain original terms
src/stage5/finetune_ap_transformer.py	26366	3f185061d7e3cc42b4cab89a1602126a43a59f64ece2e73b5927cab2c8ba73a6	analysis code	public package; third-party data retain original terms
src/stage5/freeze_all_transformer_operating_points.py	16895	7b125b30929dbe00af7b74c9cf4006d223feec8ae95eb49ef1db13b792e3fd97	analysis code	public package; third-party data retain original terms
src/stage5/freeze_transformer_calibration.py	12944	0ae7f1381d1e5c3e8049978f165907b0554769c9deeec4cb1eb026e0e3551acc	analysis code	public package; third-party data retain original terms
src/stage5/prepare_pretraining_auxiliary_spec.py	8428	fc82d2f017a6a74d8cb232b2c8c05a31ae8b3e89aa63ef3feac3ff76362ef5f7	analysis code	public package; third-party data retain original terms
src/stage5/pretrain_claims_transformer.py	30992	48e5625a61f3c4a256406ca7b14e47535106aec07f2e694aa0ddca96d5351d6b	analysis code	public package; third-party data retain original terms
src/stage5/run_ap_only_pretraining.py	9641	21229c87d4938cc65fd6351806ff25eb5685b1383ef3d74f2a4baafd45290530	analysis code	public package; third-party data retain original terms
src/stage5/run_finetuning_grid.py	15228	6c806a70c4211d9ac9f432bf08bfe31df36a392bd6578d30d05b305bd7c7304c	analysis code	public package; third-party data retain original terms
src/stage5/tests/test_claims_transformer.py	4948	e3f3c54a09ff2d03d9f1e3bb7a11ef2ad5e5b8f0ce8c209b816082b353caabd6	analysis code	public package; third-party data retain original terms
src/stage5/tests/test_finetune_ap_transformer_v2.py	17864	490468987e61dc672ecbf0fbe031c77bd9d8831a8063318794a10adebeeec036	analysis code	public package; third-party data retain original terms
src/stage5/tests/test_finetune_ap_transformer.py	6978	049a248b8793dceb128ad25adf5558eb8309bb6e05d718ded5eb72216fb4d9b8	analysis code	public package; third-party data retain original terms
src/stage5/tests/test_freeze_all_transformer_operating_points.py	7143	6b38aad130ba5ccb1a8831e4415cf32cc261063d581b9d134f8eb87774dab99e	analysis code	public package; third-party data retain original terms
src/stage5/tests/test_freeze_transformer_calibration.py	2846	5ea379ff1613c6cae29ff82622c0148a1b756ba3d76442e19f2a7e761587e4b4	analysis code	public package; third-party data retain original terms
src/stage5/tests/test_pretrain_claims_transformer.py	7446	96cad2f8c13abe9c6bb925c1622617dffa82a7cc06ce737f3d95b628100f75bc	analysis code	public package; third-party data retain original terms
src/stage5/tests/test_run_ap_only_pretraining.py	3185	ad34b988701cc32d894c99a4e549370cdd09dd4231592d06d8b07b8c329126c8	analysis code	public package; third-party data retain original terms
src/stage5/tests/test_run_finetuning_grid.py	6577	a1f99eac39e6314f1c3fedf54c8cf910d4b897980666c8429e7f5231e26ab403	analysis code	public package; third-party data retain original terms
src/stage6/fit_hierarchical_conformal.py	13389	433977a7470433b3d7fe8d6f26dc48bd1cf47d1bac6dc5c2a8757ebdce696ee7	analysis code	public package; third-party data retain original terms
src/stage6/predict_locked_2021b.py	13442	026c1c1ad477ab0855f62f9fe4197e1a346d5c82a43c93660e1946c8bd95a187	analysis code	public package; third-party data retain original terms
src/stage6/run_2021b_conformal.py	8746	a7fd0c6ca083a4099c9c1b2bfb88c3726b7abbf5400330e2f6ba823c596ffd8c	analysis code	public package; third-party data retain original terms
src/stage6/tests/test_hierarchical_conformal.py	3147	888d1fa1c52c904f485901e1dacfa28b51b6d9f28fe22796c17c7731add8a343	analysis code	public package; third-party data retain original terms
src/stage6/tests/test_predict_locked_2021b.py	1995	3acb164e88d2839358e0511f71e955e925fbe1aa056873c142c2c6fee5c0cbe2	analysis code	public package; third-party data retain original terms
src/stage6/tests/test_run_2021b_conformal.py	2579	6ff2bc926991114b02631cf27979b3b6f6c52a8bb86bd1c065b12fd79beb42ca	analysis code	public package; third-party data retain original terms
src/stage7/analyze_locked_2022_drift_technical_amendment_v9.py	34352	955726b3c4f616c1816cf238c352589ae2d886219836610143e6daa759cada46	analysis code	public package; third-party data retain original terms
src/stage7/analyze_locked_2022_drift.py	31111	f8454403d5124c8e0b74ec3a50ed5cdbaed5acff301465ad2d484e35a1b9cbd3	analysis code	public package; third-party data retain original terms
src/stage7/build_2022_planned_readmission_lock.py	14249	3c3286f9812fcae9bafc66c32f9b287c8b37b0333b3df6c1525c75fbd063225f	analysis code	public package; third-party data retain original terms
src/stage7/build_corrected_2022_drift_input_v8.py	9102	83e3a0912bc70395c033f5c3250b07bdefff990ceac15a3b028ce8bab8c816ee	analysis code	public package; third-party data retain original terms
src/stage7/build_frozen_2022_data_specs.py	11812	a69962411df0ac25b90431eced57cabc36c19f37858fadb94362d6811437399f	analysis code	public package; third-party data retain original terms
src/stage7/build_frozen_drift_reference.py	31163	6b1d2d111f6ccf8c213521a53a907400812ca48639c0f765bbb12bfa13a657de	analysis code	public package; third-party data retain original terms
src/stage7/build_frozen_evaluation_spec.py	38800	1a47004cc3c740622a413311d574b95e546f4b4c2a1131e937c5b48b7da9bf77	analysis code	public package; third-party data retain original terms
src/stage7/build_locked_2022_derivative.py	21174	60066e108554578d0d1d1852769eaf5359b8d22e6124f2641a32dd74a745b4a1	analysis code	public package; third-party data retain original terms
src/stage7/build_stage7_technical_amendment_v1.py	9999	5803ba0f4e177c1d15f31066922723fbd27bec83d42c11464b2a1099634da2b4	analysis code	public package; third-party data retain original terms
src/stage7/build_stage7_technical_amendment_v2.py	10392	abd56417d86d0d21b6e7652ffa050a49a3303ca756662734fd166c227efdd8b6	analysis code	public package; third-party data retain original terms
src/stage7/build_stage7_technical_amendment_v3.py	9853	a215e24a4ae618aadc22f2029d5630c59c5b10e17f981b30604f146d57a5c49b	analysis code	public package; third-party data retain original terms
src/stage7/build_stage7_technical_amendment_v4.py	9777	a205a527f9d4e9dab25fc3bd79b14399d5aa7abc049c1fd1a6414fdd8381d29b	analysis code	public package; third-party data retain original terms
src/stage7/build_stage7_technical_amendment_v5.py	14634	ff4206666100c6cb962275e7fd31cf180e430b387838efb754c99e799109f2e1	analysis code	public package; third-party data retain original terms
src/stage7/build_stage7_technical_amendment_v8.py	8135	a3e4d8449044308425be20980f948156d7669acb4a9882b77b8eb82cd12a2e31	analysis code	public package; third-party data retain original terms
src/stage7/build_stage7_technical_amendment_v9.py	11499	6b4f2028f958f6b3caf4075c9f441d31f77b5b756111c71e3f46f057c60ca548	analysis code	public package; third-party data retain original terms
src/stage7/evaluate_locked_2022.py	37816	b7f4f435ee2d18bd97a2dfc18d211537e3af24a9c1700a370ade080e073063d9	analysis code	public package; third-party data retain original terms
src/stage7/export_corrected_2022_public_aggregate_v1.py	22056	943ea8cd6f1636252bb6fd37915a23a71083c45046333fe1d17fc36f6c6c8107	analysis code	public package; third-party data retain original terms
src/stage7/freeze_pre2022_lock.py	16040	bfb719a6353c55bce66b348d505f314b6d593f7038cda3723e6ed85811a9e967	analysis code	public package; third-party data retain original terms
src/stage7/predict_all_locked_2022_technical_amendment_v3.py	41314	711ce7684bd3bbea84be27757d30f2a6331e264caec8c0257de545ce6600ba32	analysis code	public package; third-party data retain original terms
src/stage7/predict_all_locked_2022_technical_amendment_v4.py	42043	8b4385c47ce35f4301a0fcef80f76cd0933ab3703ad07602b4bdfea4fe6c53d2	analysis code	public package; third-party data retain original terms
src/stage7/predict_all_locked_2022.py	41170	ce013413cb94be18a66e77c1a62e3225c1d1c4dd0225494d9f635126d90efc95	analysis code	public package; third-party data retain original terms
src/stage7/repair_locked_2022_episode_order_v8.py	19532	44de1acf04b2656427223a9da741fc0d3ae21f198c6658eb114702c297bd995a	analysis code	public package; third-party data retain original terms
src/stage7/run_locked_2022_etl_technical_amendment_v1.py	55470	c279a1af05bc8540a0ca7a014cc67821e1c27475ce443cf47373a3969977b987	analysis code	public package; third-party data retain original terms
src/stage7/run_locked_2022_etl_technical_amendment_v2.py	55786	b644d9aa210b22e1554fe5ff8095342ac1b83631b089612ca412f6498cf259a4	analysis code	public package; third-party data retain original terms
src/stage7/run_locked_2022_etl.py	54711	b219fd6317702e3637507c2b8fe15ddca6c7a2c478bf764881eca488eac6fcfb	analysis code	public package; third-party data retain original terms
src/stage7/tests/test_analyze_locked_2022_drift_technical_amendment_v9.py	4805	a38ecbaccc512856c6596a1fb222ca438be9478c45b40496dc36b29928829d1d	analysis code	public package; third-party data retain original terms
src/stage7/tests/test_analyze_locked_2022_drift.py	10696	3565213a27c8def18bb3c828b08dd088c66afa1efab41986cc5df75713db63dc	analysis code	public package; third-party data retain original terms
src/stage7/tests/test_build_frozen_2022_data_specs.py	5727	c353ed6f1d055a8540d3017445f3d23f5f0e5371bf504589df09fb7bb28f5ca9	analysis code	public package; third-party data retain original terms
src/stage7/tests/test_build_frozen_drift_reference.py	11891	046fb4aa03adb737d00548e989a49cd4a866d9451f8a582c8b273538bd8f3020	analysis code	public package; third-party data retain original terms
src/stage7/tests/test_build_frozen_evaluation_spec.py	20178	8b5b131e43e58c69ba68adfc2ef2c76e3d5f79b3bc7329a56a9abba2ed800a87	analysis code	public package; third-party data retain original terms
src/stage7/tests/test_build_locked_2022_derivative.py	10828	fc6f85567ca98f31537f72ae5244ae8c74c75a5874e0d4a77116408e6c4c9844	analysis code	public package; third-party data retain original terms
src/stage7/tests/test_build_stage7_technical_amendment_v9.py	5194	85594181ba19699996f95f037c1281845cb59c24a351993d910b3a844d0cedd3	analysis code	public package; third-party data retain original terms
src/stage7/tests/test_evaluate_locked_2022.py	11995	ec6ba8ad290d3cd169decdfe74c35fc185e796d710582988ede3f9b880552ba2	analysis code	public package; third-party data retain original terms
src/stage7/tests/test_export_corrected_2022_public_aggregate_v1.py	10802	b0a8d4067922f9288ee8ef998f8190e6df9ace2bb4998fbd37195d7626d01119	analysis code	public package; third-party data retain original terms
src/stage7/tests/test_freeze_pre2022_lock.py	7895	fe9096889ff107bc07cb0e52bbecbcba510a0d9af57892ef76c2106f8a98bc29	analysis code	public package; third-party data retain original terms
src/stage7/tests/test_predict_all_locked_2022.py	17418	408093b12834129bef26773db993c68a27b3ebd80c4df4d927e1cee7ceaabf32	analysis code	public package; third-party data retain original terms
src/stage7/tests/test_repair_locked_2022_episode_order_v8.py	3848	712094cabeeefa04240b5275b4e02d2671b049ed8e83f6b345b5fb7d081c1590	analysis code	public package; third-party data retain original terms
src/stage7/tests/test_run_locked_2022_etl.py	18663	a5c2bf697a1d7ddb48e4791220e123880f186aa44ea2990bd9c763cff6e33f62	analysis code	public package; third-party data retain original terms
src/stage7/tests/test_stage7_technical_amendment_v1.py	4548	d3dd640580543e14d127dce7b1630436ace8a6d725af572369142e9a92fa03ff	analysis code	public package; third-party data retain original terms
src/stage7/tests/test_stage7_technical_amendment_v2.py	3811	1f596c631cf793c8a8efc15af6e99d7b84370fbbcfefaa631db87d694971fc7f	analysis code	public package; third-party data retain original terms
src/stage7/tests/test_stage7_technical_amendment_v3.py	2339	853130d01a61a20008ab8c1276ccb79393ad715d9b5dd0b41ca6f85f509ec2ec	analysis code	public package; third-party data retain original terms
src/stage7/tests/test_stage7_technical_amendment_v4.py	3201	fd126e7c87e6670ae6ecba8e2ff65bdbb882d4dd9f9c46991802a9b192059201	analysis code	public package; third-party data retain original terms
src/stage7/tests/test_stage7_technical_amendment_v5.py	3515	e1ed92602bbde6a9799b4add631a0e0e86e6a941c56c65dc77bb3e057b7c0408	analysis code	public package; third-party data retain original terms
tests/test_release_smoke.py	1821	7aa2dfd78b670178fa8d8ae16849e0eba685410ac6fe86ec679d7b9f994af764	public smoke test	public package; third-party data retain original terms
