release_path	release_sha256	source_path	source_sha256	transformation
configs/mimic_transfer/common_variable_2021b_conformal_registry_public.json	71ab16969eef4e2e11e35938cff46454012368c912c8d06a5a33a0a57437ed84	outputs/mimic_transfer_predata/common_variable_only_conformal_v1/common_variable_2021b_conformal_registry.json	d68567bec579fee969e61bb080bb3614803f92468c612cff788560ee7f110330	absolute paths redacted
configs/mimic_transfer/common_variable_model_lock_2021A_public.json	5e56daf3ce78143407dc02f59367b709426a602530d0556308ee0199bc776ecc	outputs/mimic_transfer_predata/common_variable_only_conformal_v1/common_variable_model_lock_2021A.json	598a9f04d915bbf01d035ef3cbafa36aa701f394ef03506963621a06dccee9ee	absolute paths redacted
configs/mimic_transfer/conformal_calibrator_2021B.json	cecfac8b559f4017979611dd90c5fb82060be072e2459023dee522f037d02aa2	outputs/mimic_transfer_predata/common_variable_only_conformal_v1/stage6_2021B/conformal_2021B/conformal_calibrator.json	28d44fb6bb322c9e824f217f7c5d3ae091dbc4b21cd3ff99de4b409b268a27f5	copied
configs/mimic_transfer/execution_spec_public.json	6659d54cd5658af96bb688c7b8cbc876b6664b2a403e194e9e63804e73beecd2	outputs/mimic_transfer_predata/common_variable_only_execution_spec_v7_threaded_indexed_py312_adapter_v2.json	450ddd2be9b6e9d4c82e646da352fe08cfe70077a71b67cd3f6b72dead3b6439	absolute paths redacted
configs/mimic_transfer/method_lock_public.json	658a1e3f18338eac72dede7c4374200c81415f072a0b91d3ce3e1e1cdd56d5ff	outputs/mimic_transfer_method_lock_v1.json	69114be50eccfa37c2a560e4afd1e6a64d902a7f510ba04463400b83ed063a3c	absolute paths redacted
configs/python_environment.lock	2330ff1822cf6edec9a44fdc49e5a5241b842cdf98dcb14e65a51c6acf6db1ee	outputs/stage0_server_gate/environment.lock	2330ff1822cf6edec9a44fdc49e5a5241b842cdf98dcb14e65a51c6acf6db1ee	copied
configs/reference/nrd_file_specs.json	045d8c1f8fb8799b857d4cb4682c88eb76007ace9200bedf4bbca4e96741e6a8	work/reference/nrd_file_specs.json	045d8c1f8fb8799b857d4cb4682c88eb76007ace9200bedf4bbca4e96741e6a8	copied
configs/stage2_lock/analysis_lock.json	d87e13255781cfc52623757abb5546c771053b554419a62a887605ae11ee1b86	outputs/stage2_lock/analysis_lock.json	1594e120c5bdcfdf31a8f7c0db1bb95e0d5fcdba1464467f4c7fdcb34ff36fc0	copied
configs/stage2_lock/decision_log.md	a67371ea3da51b8389f25ed31e3055f2042b3451af055b41d4b91eb8562febf9	outputs/stage2_lock/decision_log.md	62bb7802afacdc0aaa61d1a4815fdacc486c5aa37826aa97e9f2746f13b33127	copied
configs/stage2_lock/leakage_blacklist.yml	c6906b6233b9a9a7c3957de78685ce69cebb0ca99ecc107f9b0c0424a4961f54	outputs/stage2_lock/leakage_blacklist.yml	542d571299c95050cab25cd96d697ed7e022af62e80d74d9b113e0ed8d494d53	copied
configs/stage2_lock/ontology/hierarchy.yml	71ed8f18b5d0036a1b47cad9c658be6fc1560af94af96d490667088a96c4f472	outputs/stage2_lock/ontology/hierarchy.yml	264db67b5cd0103a34487d9ad95dc6957a7a00256bd7a93cb2de3fc97be1eb74	copied
configs/stage2_lock/ontology/icd_ccsr_labels.csv	ed645739cf01ade16042c532b25a6114e50e8dc530e0ceb3d205d8e7f1e1fc86	outputs/stage2_lock/ontology/icd_ccsr_labels.csv	ed645739cf01ade16042c532b25a6114e50e8dc530e0ceb3d205d8e7f1e1fc86	copied
configs/stage2_lock/ontology/priority_rules.yml	bf8c60b4ec0fd7abc8ba823dd0a26d4c1fcee44f79238decdc4b83538d197888	outputs/stage2_lock/ontology/priority_rules.yml	a911741d5e38d3454ea48754e1c0c132047ffb09084fe3b9fb263388801a015d	copied
configs/stage2_lock/outcome_timing_matrix.csv	62ebb668b9abec55551c2a56290fb3e9ed9457c68c90a05432f63f5897dcf2e3	outputs/stage2_lock/outcome_timing_matrix.csv	62ebb668b9abec55551c2a56290fb3e9ed9457c68c90a05432f63f5897dcf2e3	copied
configs/stage2_lock/planned_readmission/algorithm_rules.yml	b42dc1db8daafa652c25854243fd7f2dadf65598c8c6c7fe82fb3d19c65e7847	outputs/stage2_lock/planned_readmission/algorithm_rules.yml	bb032185823ee9ac8cb1f42f4594e048ed7d9e048c80ea3417221103f28e7f4b	copied
configs/stage2_lock/planned_readmission/annual_algorithm_code_sets.parquet	5f131b0183882bf2db2d9c79d6fb2189a8e5b356910cd60e09aa2b8879e7d917	outputs/stage2_lock/planned_readmission/annual_algorithm_code_sets.parquet	5f131b0183882bf2db2d9c79d6fb2189a8e5b356910cd60e09aa2b8879e7d917	copied
configs/stage2_lock/planned_readmission/annual_ccs_mapping.parquet	6ec4b8580dd03a196f392ba7cd206db9bdc3d12750fcb19467567a7d3fc5246c	outputs/stage2_lock/planned_readmission/annual_ccs_mapping.parquet	6ec4b8580dd03a196f392ba7cd206db9bdc3d12750fcb19467567a7d3fc5246c	copied
configs/stage2_lock/planned_readmission/annual_spec_rows.csv	7f3b37a5f1566703104d57a50b48bc27ce3b4737969b4a0a4373ce570b390bf5	outputs/stage2_lock/planned_readmission/annual_spec_rows.csv	7f3b37a5f1566703104d57a50b48bc27ce3b4737969b4a0a4373ce570b390bf5	copied
configs/stage2_lock/planned_readmission/planned_readmission_lock.json	e1e682fea14da07e5b9ac531be13859781b7f8ad277bfdc1d6e73509aca64fa1	outputs/stage2_lock/planned_readmission/planned_readmission_lock.json	5cc4f7b359720befafb4a941423841588c706bbeacd3b3236f37d4664de6586d	copied
configs/stage2_lock/sap_v1.md	26d4d0b5fa547b65e4250c15ff6146b6cd5c76b205d69f7eaf491a3ec6bbec49	outputs/stage2_lock/sap_v1.md	40fb10e1d2a01958a0ad0bfe64bdb1a6ffa7b3fa82c0c3cb49d01a5b90137d12	copied
configs/stage2_lock/stage2_gate.md	e8c305ae1d83a80ea7dcacf2bf8fa207aeab0ced5ee0088302ef369c173aceee	outputs/stage2_lock/stage2_gate.md	db9a1dc65fbc98c999e38eac0be09400b35292101097c0606e29bae75275cc24	copied
configs/stage3_build/auxiliary_endpoint_spec.md	70daf89af2175a9d16b7eeb9058f86337ef486ca2f202347c3a4bc6a4357bcc1	outputs/stage3_build/auxiliary_endpoint_spec.md	0633a7ca9a797ea08da84c633298d1910353cab57a60e253c3362be4e78a4ccf	copied
configs/stage3_build/auxiliary_thresholds.json	7d82dd5997f1a30fe75321e727a67bee6b4040b61db72c4257757c0e221ec84c	outputs/stage3_build/auxiliary_thresholds.json	de6e4a036882ec067ab6fe084e53988bc7758d0a60ec5ad65d1403f45dc2e92a	copied
configs/stage3_build/episode_linkage_spec.md	7a9dce81ff3b311150811e9b8c5b65da476cd5db336033bc1e54eecbf5f547be	outputs/stage3_build/episode_linkage_spec.md	c804b3d4425763dbb5dacd267fd5abb2da79e727e2f57140a93ef4c576a36b8e	copied
configs/stage3_build/token_code_sets.json	13076a4f24dc13d5cd359663d8ed4d382565f98a1b5ff10d556781386622af71	outputs/stage3_build/token_code_sets.json	93022fd71cd06efacce70e369cf1542312b1ab491fbed496590bdef3231950a3	copied
configs/stage7_pre2022_lock/cpi_2022_to_2021.json	c9645baa211a40954a8fe67d3866cf4bf86771cabf2d955f7acc8cfbadb52786	outputs/stage7_pre2022_lock/cpi_2022_to_2021.json	d29fb44ba631fc682424299df5bc644f9ae97b9dd13954f2a58e04e7e9ef6b49	copied
configs/stage7_pre2022_lock/data_specs/frozen_2022_derivative_spec.json	45ccf14662a080b06202944d806b9a3acb2517e5de01ec146c2712b41b2af912	outputs/stage7_pre2022_lock/data_specs/frozen_2022_derivative_spec.json	76c5c82837417f2764cf216649c2e4615c4bd21a834c15b22493c92f61db0074	copied
configs/stage7_pre2022_lock/data_specs/frozen_2022_derivative_spec.json.sha256	43876e64fd0dde833922bb7b1e585d19df9e7015cac18920279a2a2485950a06	outputs/stage7_pre2022_lock/data_specs/frozen_2022_derivative_spec.json.sha256	5e321dc76cb0e2828cf5ba26b5f1c10c2357ba2478aaecd2e2d48734628ef0f5	copied
configs/stage7_pre2022_lock/data_specs/frozen_2022_etl_spec.json	f620585705aa810a35ee88ffbb78db3d2295b9a216b0c1ce5f9bcb63a672eb92	outputs/stage7_pre2022_lock/data_specs/frozen_2022_etl_spec.json	a5c60c7b740c094cfe5ec04ede91afc618d6746518632e4190146e2e8bec57fd	copied
configs/stage7_pre2022_lock/data_specs/frozen_2022_etl_spec.json.sha256	5c4d83e79f76122b1cd52bd8474002e600450d8126acc19c816c323a6b624f60	outputs/stage7_pre2022_lock/data_specs/frozen_2022_etl_spec.json.sha256	0bf23910fe773aaf44c0024f545b1a25dcc5c03a8fe9ac67cf774f14cac86957	copied
configs/stage7_pre2022_lock/planned_readmission_2022/algorithm_rules_2022.yml	17798dc5ccf0d269cca9f0b6c029a570860a9fab6308fc4142f2990d952617a1	outputs/stage7_pre2022_lock/planned_readmission_2022/algorithm_rules_2022.yml	7d2e22e64cfd81e81999dd75c1568928fdd0297393f19bda0883a860937d01e9	copied
configs/stage7_pre2022_lock/planned_readmission_2022/annual_algorithm_code_sets_2022.parquet	6d488576caf75b53f6db61b402042b659b04824dfb1b210b7747605d111e8b35	outputs/stage7_pre2022_lock/planned_readmission_2022/annual_algorithm_code_sets_2022.parquet	6d488576caf75b53f6db61b402042b659b04824dfb1b210b7747605d111e8b35	copied
configs/stage7_pre2022_lock/planned_readmission_2022/annual_ccs_mapping_2022.parquet	eb2d2c9f4ccad244efe3af1816d06a693eba11a0f5279ca70a15c55d48273701	outputs/stage7_pre2022_lock/planned_readmission_2022/annual_ccs_mapping_2022.parquet	eb2d2c9f4ccad244efe3af1816d06a693eba11a0f5279ca70a15c55d48273701	copied
configs/stage7_pre2022_lock/planned_readmission_2022/annual_spec_rows_2022.csv	9f219370c5c654594534b779207ea7f10411934dca6ec4b513938b4d2dbb959f	outputs/stage7_pre2022_lock/planned_readmission_2022/annual_spec_rows_2022.csv	9f219370c5c654594534b779207ea7f10411934dca6ec4b513938b4d2dbb959f	copied
configs/stage7_pre2022_lock/planned_readmission_2022/planned_readmission_2022_lock.json	8ad5391afb31c72aa54b41875cac0d458b05182fe02f3140ae464683b8855010	outputs/stage7_pre2022_lock/planned_readmission_2022/planned_readmission_2022_lock.json	78ccac5415ec39c5e4783bd9fdd9c6c5cd494fba1e634caf38c30e27ef1d2d2a	copied
configs/stage7_pre2022_lock/planned_readmission_2022/planned_readmission_2022_lock.json.sha256	8452d66fd3dd88d547d7b2f7a21ab7cb83f4b424bc387eeda65e4b3f95d58033	outputs/stage7_pre2022_lock/planned_readmission_2022/planned_readmission_2022_lock.json.sha256	bb3650e42ff01e7de264adfb5db37fff4413d71b77f5d2a9908baf59bb768039	copied
results/figures/Figure_1_frozen_timeline_and_flow.pdf	cb7a576213b84f7e697a7948dab8c907639074c7477c3dfc991ee7a2d588a68e	outputs/ijmi_submission_revision_v4_20260921_candidate_v3/figures/Figure_1_frozen_timeline_and_flow.pdf	cb7a576213b84f7e697a7948dab8c907639074c7477c3dfc991ee7a2d588a68e	copied
results/figures/Figure_1_frozen_timeline_and_flow.svg	b996ce06773f3401881ef13e278838db592ddffc9dcafc978b14dbc73a1c2ab9	outputs/ijmi_submission_revision_v4_20260921_candidate_v3/figures/Figure_1_frozen_timeline_and_flow.svg	b996ce06773f3401881ef13e278838db592ddffc9dcafc978b14dbc73a1c2ab9	copied
results/figures/Figure_2_2022_temporal_evaluation.pdf	9eb4c9f7059ec2c91e6baef991a9f188305163f83026cdfdd8311360cdb309ab	outputs/ijmi_submission_revision_v4_20260921_candidate_v3/figures/Figure_2_2022_temporal_evaluation.pdf	9eb4c9f7059ec2c91e6baef991a9f188305163f83026cdfdd8311360cdb309ab	copied
results/figures/Figure_2_2022_temporal_evaluation.svg	4231d3e69d892f01a1b9b1dc366ee91c73cc871e7c9140708bb8a11da60ed5c9	outputs/ijmi_submission_revision_v4_20260921_candidate_v3/figures/Figure_2_2022_temporal_evaluation.svg	4231d3e69d892f01a1b9b1dc366ee91c73cc871e7c9140708bb8a11da60ed5c9	copied
results/figures/Figure_3_restricted_mimic_comparison.pdf	3628f2a91e542adc689bfd33b58b93958a214dc344cd96480c181bdbfc57cdcb	outputs/ijmi_submission_revision_v4_20260921_candidate_v3/figures/Figure_3_restricted_mimic_comparison.pdf	3628f2a91e542adc689bfd33b58b93958a214dc344cd96480c181bdbfc57cdcb	copied
results/figures/Figure_3_restricted_mimic_comparison.svg	ae95ce50164708a526fa03e48f9647b79661bd989d4897fe9e1d7a85cf6002af	outputs/ijmi_submission_revision_v4_20260921_candidate_v3/figures/Figure_3_restricted_mimic_comparison.svg	ae95ce50164708a526fa03e48f9647b79661bd989d4897fe9e1d7a85cf6002af	copied
results/figures/Supplementary_Figure_1_conformal_transfer.pdf	0117d5f02480de6936c02ce859872c75126c6d9f3fe9adca5376f35e1ab312ba	outputs/ijmi_submission_revision_v4_20260921_candidate_v3/figures/Supplementary_Figure_1_conformal_transfer.pdf	0117d5f02480de6936c02ce859872c75126c6d9f3fe9adca5376f35e1ab312ba	copied
results/figures/Supplementary_Figure_1_conformal_transfer.svg	d2144c50d8727e1152030050191ad6fa954532299e4786b7c637e55f0db010d8	outputs/ijmi_submission_revision_v4_20260921_candidate_v3/figures/Supplementary_Figure_1_conformal_transfer.svg	d2144c50d8727e1152030050191ad6fa954532299e4786b7c637e55f0db010d8	copied
results/public_source_data/calibration_intercept_slope_bootstrap_ci.csv	e8c0e3dfd5cb243160fd674dbebf668973bdb538ccc1f20ed3643e2cb60c8c89	outputs/ijmi_submission_revision_v4_20260921_candidate_v3/source_data/calibration_intercept_slope_bootstrap_ci.csv	e8c0e3dfd5cb243160fd674dbebf668973bdb538ccc1f20ed3643e2cb60c8c89	copied
results/public_source_data/co_primary_simultaneous_inference.csv	38cf99ca24636b765725a4499b495d1dbd7e57b79c8e39a75d78e88d5ac79250	outputs/ijmi_submission_revision_v4_20260921_candidate_v3/source_data/co_primary_simultaneous_inference.csv	38cf99ca24636b765725a4499b495d1dbd7e57b79c8e39a75d78e88d5ac79250	copied
results/public_source_data/first_index_sensitivity.csv	7ec78d18ad3c6adf959926571b16eef2bbe13c88bc3e5e2dbd44937e96379ac0	outputs/ijmi_submission_revision_v4_20260921_candidate_v3/source_data/first_index_sensitivity.csv	7ec78d18ad3c6adf959926571b16eef2bbe13c88bc3e5e2dbd44937e96379ac0	copied
results/public_source_data/frozen_threshold_operating_metrics_ci.csv	0ad09e8378fb22f0b72a484cd631a135e222a52a28deecc506d972cf3d9d2691	outputs/ijmi_submission_revision_v4_20260921_candidate_v3/source_data/frozen_threshold_operating_metrics_ci.csv	0ad09e8378fb22f0b72a484cd631a135e222a52a28deecc506d972cf3d9d2691	copied
results/public_source_data/full_period_episode_reconstruction_audit.csv	833982a332811e0f4174844c43707170ab85b22c525dd9095d08b4cd7a7c0fe4	outputs/ijmi_submission_revision_v4_20260921_candidate_v3/source_data/full_period_episode_reconstruction_audit.csv	833982a332811e0f4174844c43707170ab85b22c525dd9095d08b4cd7a7c0fe4	copied
results/public_source_data/mimic_cohort_characteristics.csv	37d5b093b48fd51e90f77918ca569bc0d7fd617691c12e648606fdd51015a1a9	outputs/ijmi_submission_revision_v4_20260921_candidate_v3/source_data/mimic_cohort_characteristics.csv	37d5b093b48fd51e90f77918ca569bc0d7fd617691c12e648606fdd51015a1a9	copied
results/public_source_data/mimic_common_baseline_oov_stratified_metrics_ci.csv	b7e2c4ea919dd614942001166dd64bf1d1aa363e192163d597e3a4f5c10d94fe	outputs/ijmi_submission_revision_v4_20260921_candidate_v3/source_data/mimic_common_baseline_oov_stratified_metrics_ci.csv	b7e2c4ea919dd614942001166dd64bf1d1aa363e192163d597e3a4f5c10d94fe	copied
results/public_source_data/mimic_common_baseline_overall_metrics_ci.csv	71cbd931a77953ad051c241a0092211bc4316c219e6245803a884948245a5e31	outputs/ijmi_submission_revision_v4_20260921_candidate_v3/source_data/mimic_common_baseline_overall_metrics_ci.csv	71cbd931a77953ad051c241a0092211bc4316c219e6245803a884948245a5e31	copied
results/public_source_data/mimic_common_baseline_paired_differences_ci.csv	46868775b30d82af0ebcfa446532ff5c10c9e52371676f4d8334717f3abff871	outputs/ijmi_submission_revision_v4_20260921_candidate_v3/source_data/mimic_common_baseline_paired_differences_ci.csv	46868775b30d82af0ebcfa446532ff5c10c9e52371676f4d8334717f3abff871	copied
results/public_source_data/mimic_conformal_leaf_coverage.csv	a8aaf42bb170022b1ef14fec5ac9b6943e1988bbebc2c8e1e56c1ede35647985	outputs/ijmi_submission_revision_v4_20260921_candidate_v3/source_data/mimic_conformal_leaf_coverage.csv	a8aaf42bb170022b1ef14fec5ac9b6943e1988bbebc2c8e1e56c1ede35647985	copied
results/public_source_data/mimic_conformal_risk_coverage.csv	9299776e6ee5c3d88447d546bd787461ba8dad65a46d51800a7f58959cb15792	outputs/ijmi_submission_revision_v4_20260921_candidate_v3/source_data/mimic_conformal_risk_coverage.csv	9299776e6ee5c3d88447d546bd787461ba8dad65a46d51800a7f58959cb15792	copied
results/public_source_data/mimic_overall_metrics_ci.csv	14d2830578499d3abef7fe9448a2641857960b512340b435a772cddac11f62dd	outputs/ijmi_submission_revision_v4_20260921_candidate_v3/source_data/mimic_overall_metrics_ci.csv	14d2830578499d3abef7fe9448a2641857960b512340b435a772cddac11f62dd	copied
results/public_source_data/nrd_cohort_characteristics.csv	5d3d3fc5e340c37a8ece95d906b392c0abd9b81478167fc588247cefda908f3d	outputs/ijmi_submission_revision_v4_20260921_candidate_v3/source_data/nrd_cohort_characteristics.csv	5d3d3fc5e340c37a8ece95d906b392c0abd9b81478167fc588247cefda908f3d	copied
results/public_source_data/primary_absolute_metrics_ci.csv	6cb7ff159f37911ea352319b5f28a21c6b3336124546cee0f4cfe7432e853e3d	outputs/ijmi_submission_revision_v4_20260921_candidate_v3/source_data/primary_absolute_metrics_ci.csv	6cb7ff159f37911ea352319b5f28a21c6b3336124546cee0f4cfe7432e853e3d	copied
results/public_source_data/technical_amendment_impact.csv	4df331aca732cc9395d4d358f9b91630d803aab83b0fc25fb4e75a41e155ef3e	outputs/ijmi_submission_revision_v4_20260921_candidate_v3/source_data/technical_amendment_impact.csv	4df331aca732cc9395d4d358f9b91630d803aab83b0fc25fb4e75a41e155ef3e	copied
results/public_source_data/transformer_ablation_paired_ci.csv	700b82862945beaa892be3e74defce04c913f83f3d39fd0e3c4db1a1a9c099a8	outputs/ijmi_submission_revision_v4_20260921_candidate_v3/source_data/transformer_ablation_paired_ci.csv	700b82862945beaa892be3e74defce04c913f83f3d39fd0e3c4db1a1a9c099a8	copied
src/local_pipeline/build_ap_episodes.py	08dae9a3df9b756ebd3fdd035073259e8b79d85c8c87c265d080d3c4535ddffc	work/local_pipeline/build_ap_episodes.py	b10f71bba67a0a2e93e95075a37bc7237ac303511e2fa2ea4528da0eaf25ca30	copied
src/local_pipeline/build_sanitized_admissions.py	2ecf3a22cacd39744760a6a898063c937c8739e5986e5a8d037e8d24ca19ff2f	work/local_pipeline/build_sanitized_admissions.py	cf6dc51a226ef4fe1fe3f2e6b8099e5027a6c9e8c108087c4401a99da275d0c2	copied
src/local_pipeline/build_token_code_sets.py	05aefdd5e1ab91ef3a49c167c3452a2fc54bec0ec31b3692eba49ae4e190aed6	work/local_pipeline/build_token_code_sets.py	74d2af9e94dce631637a3dae44e8b1680ea12a20a7f77802384b3743620de2b1	copied
src/local_pipeline/compact_aux_etl.py	acbe2f99019854ae674e0081478beb0f85cb8aa9c009f6e1536fd6b8071e6179	work/local_pipeline/compact_aux_etl.py	6b1fa524fcd1e02e485a5e56f730179aa6b4b90d734d23ce8f6b304a6c725893	copied
src/local_pipeline/compact_core_etl.py	908de091cebed6c0a0eb21d6cb9f33d206701e8fa74190a90485dab5dad7d96d	work/local_pipeline/compact_core_etl.py	15087c709a232224f10c5273f046c3893674d983118fd5cb06e7b4484a4a0eeb	copied
src/local_pipeline/config/storage_protocol_amendment_v1.md	86ceaf3b2f1a36f64f7b57a86fffb9f982046ef6414a57e6d30f3b114d554e09	work/local_pipeline/config/storage_protocol_amendment_v1.md	d93ef4cefed098274bc0691a98bb6a0b85cfa3037b74755c90467365a7a3c771	copied
src/local_pipeline/derive_training_exact_flags.py	0a07bfa535a4cd87da5f1c1acb3a7b256c77cf4ea2b281c70a924c6c7f9c3da2	work/local_pipeline/derive_training_exact_flags.py	cf4af757248eac73d129ef7dd92ec8dd00d1b2f579e3fdfb2aab03103dd291a2	copied
src/local_pipeline/extract_2021_exact_flags.py	bc009dcb0d6be4a29272817c0c7f5926b8dee333562b49907720449854d2eebc	work/local_pipeline/extract_2021_exact_flags.py	fe8c5b9f26dc3e06fa88c243fca4902acbbdd6ecaf69f69dd43b9c9da4291f61	copied
src/local_pipeline/lock_auxiliary_thresholds.py	2f0ff67e54f23b2b7377c359d48e92b29d64c0f444b8cf8b95469f7ccc860196	work/local_pipeline/lock_auxiliary_thresholds.py	abccc14ad75a100fa0a602654eee4354a17aa252ccbd288e413ced1009f1786d	copied
src/local_pipeline/sanitize_severity_keys.py	0a020b4126726c9e5f954cb43f909e16d942195d1bbc39d605690a4db85e1038	work/local_pipeline/sanitize_severity_keys.py	2366e3dd0d6dddf477c9ca528f3766b79b03976d91602b0a265b0b4a2417819c	copied
src/local_pipeline/tests/test_auxiliary_thresholds.py	db6240322ec20f3e4e345d707617f91f993f52a7a50ea59d0dc6f41d974cd0fa	work/local_pipeline/tests/test_auxiliary_thresholds.py	db6240322ec20f3e4e345d707617f91f993f52a7a50ea59d0dc6f41d974cd0fa	copied
src/local_pipeline/tests/test_compact_aux_etl.py	5f354a91391acd0421f9153445a538703bd240abb452b8c1d671c2072a6f3ef4	work/local_pipeline/tests/test_compact_aux_etl.py	5f354a91391acd0421f9153445a538703bd240abb452b8c1d671c2072a6f3ef4	copied
src/local_pipeline/tests/test_compact_core_etl.py	6c71ee8d29c2fcb9fed942a6f93efabc8cc79571b5d6044a333f84154755dda8	work/local_pipeline/tests/test_compact_core_etl.py	6c71ee8d29c2fcb9fed942a6f93efabc8cc79571b5d6044a333f84154755dda8	copied
src/local_pipeline/tests/test_exact_flags.py	049ff7fdb691bb87badac6f25cf4003071edc9095ccab11aed0219fb4136157f	work/local_pipeline/tests/test_exact_flags.py	049ff7fdb691bb87badac6f25cf4003071edc9095ccab11aed0219fb4136157f	copied
src/mimic_transfer/analyze_mimic_upgrade_v1.py	8a544074a6cf9c8a079b92b7e6ce09f93884c25dfa1baf5de054e70079f8ec7d	work/mimic_transfer/analyze_mimic_upgrade_v1.py	8a544074a6cf9c8a079b92b7e6ce09f93884c25dfa1baf5de054e70079f8ec7d	copied
src/mimic_transfer/build_mimic_transfer_execution_spec_v3.py	dff920e758c044a8d76d58f5079ad1cebbb1387b5f31d9ed70c56a33e7a5d950	work/mimic_transfer/build_mimic_transfer_execution_spec_v3.py	59b24f646f4af1f1d60ecb1546cf73357dbba3b36e143c20c991a54b3de8bb92	copied
src/mimic_transfer/common_variable_inference_adapter_v2.py	ce8d97545f5f214f394ddaff086e1ca0ae90db67f6b498e7e49afd9e75868333	work/mimic_transfer/common_variable_inference_adapter_v2.py	ce8d97545f5f214f394ddaff086e1ca0ae90db67f6b498e7e49afd9e75868333	copied
src/mimic_transfer/freeze_common_variable_2021b_conformal.py	75f808acc81d02d15d4cbe427842c47e3b0886698955a6c4267188c78973c1c9	work/mimic_transfer/freeze_common_variable_2021b_conformal.py	497a8a21b77fbb6cb459a96343d9e9758bd211f5af87f62256928b7bd4a06a5d	copied
src/mimic_transfer/run_locked_mimic_transfer_v7.py	e08d98f3143a96df70ba5a701b0e4240712ae73af342e7b812ea0081acb45c5c	work/mimic_transfer/run_locked_mimic_transfer_v7.py	e81f41ea859470d8ff6c8a3ea1865c751209b2bd7bfb51dbc0b19937d570da06	copied
src/mimic_transfer/tests/test_build_mimic_transfer_execution_spec_v3.py	ac5b2a1e7d6c995bec28428eb317542960ee6183ac7b5756a4735737e7a19cf9	work/mimic_transfer/tests/test_build_mimic_transfer_execution_spec_v3.py	bc385136214e0b6c18b067340dda934413b6b4bfbf375821b83a1ae1806de5d3	copied
src/mimic_transfer/tests/test_common_variable_inference_adapter_v2.py	e5cd2341284958da9410a114425f35e392d99f266452d9f3ec46067f5d1fddc5	work/mimic_transfer/tests/test_common_variable_inference_adapter_v2.py	e5cd2341284958da9410a114425f35e392d99f266452d9f3ec46067f5d1fddc5	copied
src/mimic_transfer/tests/test_freeze_common_variable_2021b_conformal.py	121538eb3306b1ae132dbf476720f89b7d72546c7e8666c199367fc6b7d2beda	work/mimic_transfer/tests/test_freeze_common_variable_2021b_conformal.py	121538eb3306b1ae132dbf476720f89b7d72546c7e8666c199367fc6b7d2beda	copied
src/mimic_transfer/tests/test_run_locked_mimic_transfer_v7.py	32382f5a084ae889797564e12ad04b07c02c991108a0caf3baf271e203b6d682	work/mimic_transfer/tests/test_run_locked_mimic_transfer_v7.py	32382f5a084ae889797564e12ad04b07c02c991108a0caf3baf271e203b6d682	copied
src/reporting/INPUT_PROVENANCE.md	c63e6f959cbd81873fe0d6308fc7360c0834bd5c3d22a30dd906aa6ec99f4103	work/ijmi_submission_revision_v4_20260921/INPUT_PROVENANCE.md	ff315415825f634a8772cb6e62b3e1bc43eaaf654f012ebc30be67c3d1a8d297	copied
src/revision_analyses/analyze_mimic_extended.py	728395fafc0a25a48ed8006f23a90c9cf5b6d954e2943d870a04b7b472b0a7f9	work/ijmi_revision_v4/analyze_mimic_extended.py	728395fafc0a25a48ed8006f23a90c9cf5b6d954e2943d870a04b7b472b0a7f9	copied
src/revision_analyses/audit_reanalyze_2022.py	c895c3a54202db85fbed1d29923b01d1b2f2a4f5b7b8245018f85ba341e50b15	work/ijmi_revision_v4/audit_reanalyze_2022.py	c895c3a54202db85fbed1d29923b01d1b2f2a4f5b7b8245018f85ba341e50b15	copied
src/revision_analyses/augment_2022_calibration_ci.py	57121fb2e82eae177d7164f11b78303ca4c27330c35eed2a73bd0c023ab652de	work/ijmi_revision_v4/augment_2022_calibration_ci.py	57121fb2e82eae177d7164f11b78303ca4c27330c35eed2a73bd0c023ab652de	copied
src/revision_analyses/infer_mimic_common_baselines.py	50a382772b49983176e71a9e11fc96566def3f72e9db06719c7d7b18a9e9ad68	work/ijmi_revision_v4/infer_mimic_common_baselines.py	50a382772b49983176e71a9e11fc96566def3f72e9db06719c7d7b18a9e9ad68	copied
src/revision_analyses/README.md	21ab744c22ed26b4ebc2ff2b746c9759449c96f46dc71bd8af6195715993f0bf	work/ijmi_revision_v4/README.md	21ab744c22ed26b4ebc2ff2b746c9759449c96f46dc71bd8af6195715993f0bf	copied
src/revision_analyses/reanalysis_contract.json	9136c4ff601e0ebfe6ef5c007298a280b9ba7f1bdc95fe3ca6ec5161e89b819e	work/ijmi_revision_v4/reanalysis_contract.json	61cb2dfa7853d2797d8baaadf51e790e6e4d35b6efcc6e7e70c6a423d0a350d1	copied
src/revision_analyses/train_common_variable_baselines.py	b068a3c678d7d719d1681820a9378cb9b072041ab001965bd54d618bd40f7b24	work/ijmi_revision_v4/train_common_variable_baselines.py	b068a3c678d7d719d1681820a9378cb9b072041ab001965bd54d618bd40f7b24	copied
src/stage2/build_planned_readmission_lock.py	084101359fa5f11a32419b81f3e8ecbf4bf4a18633cfa6aa1efaffe9cc9db517	work/stage2/build_planned_readmission_lock.py	fb65f736e677c8a2bc7acf447ebbd1df623e2bd47d514ac7cf370876c741eb26	copied
src/stage2/build_stage2_lock.py	f6e616c113ea65a015e25826ffe8a8416d80e9f331cf1bff920682298402857f	work/stage2/build_stage2_lock.py	d3dad0d50cbbe2f682ea721dc7f49ab1b00c5d8b716577628df3f5bc4345e88e	copied
src/stage2/download_qualitynet_file.py	ba86740898691a9ca658fe24be6ef11e98a72370a123982bb6d337b505713fdf	work/stage2/download_qualitynet_file.py	ba86740898691a9ca658fe24be6ef11e98a72370a123982bb6d337b505713fdf	copied
src/stage2/planned_readmission.py	44443a16a773d4cb111a62aad7dcb5394857ab1f4e1bfa3cc97f9012a77b9509	work/stage2/planned_readmission.py	44443a16a773d4cb111a62aad7dcb5394857ab1f4e1bfa3cc97f9012a77b9509	copied
src/stage2/tests/test_planned_readmission.py	76c78be78eb7360747111d8001cd4868084b33a45267e568d3f5afbc2f70a1d0	work/stage2/tests/test_planned_readmission.py	76c78be78eb7360747111d8001cd4868084b33a45267e568d3f5afbc2f70a1d0	copied
src/stage4/audit_baseline_v2.py	58400d5b78bc1176d1e59f79191a993ee8cd48fc02e7db0921ab97a58e92d4e8	work/stage4/audit_baseline_v2.py	c5527ae95e5128aea94e6235a28477fa61526954253a4b457f422313d3daa4da	copied
src/stage4/build_ap_history.py	b309e4830157a6394f5412937d2602a8d1dcae4d616ee1cdeff7ea0963170bc9	work/stage4/build_ap_history.py	980000b5943c720a9a37c20f6fb460f90bc1e91a001906f2fc526021ddde0def	copied
src/stage4/build_hierarchy_map.py	b1f3f6ad4a8d719e2a0899eba05e8380b83b348feed477003462816b710fe540	work/stage4/build_hierarchy_map.py	b60c9f34a0b036e60b963391a16889436ee76b04d31f156eadb63ccd98b18684	copied
src/stage4/tests/test_build_ap_history.py	7365d0b98f6ced264d0894204e7684a90036b97bb7825a23b7f4e888b7ba721d	work/stage4/tests/test_build_ap_history.py	7365d0b98f6ced264d0894204e7684a90036b97bb7825a23b7f4e888b7ba721d	copied
src/stage4/tests/test_build_hierarchy_map.py	22fc35caf99d2f2607c326eb1fd22e346cc18bada24a9381c9492228c8a95861	work/stage4/tests/test_build_hierarchy_map.py	22fc35caf99d2f2607c326eb1fd22e346cc18bada24a9381c9492228c8a95861	copied
src/stage4/tests/test_train_baselines.py	cfdaf5f69391307f8bf5392b43616a89950b8bb7d6218b1461c5e2f64053d98e	work/stage4/tests/test_train_baselines.py	cfdaf5f69391307f8bf5392b43616a89950b8bb7d6218b1461c5e2f64053d98e	copied
src/stage4/train_baselines.py	db1351a0900459c773ccb83b8a15c48ad562fb6fca36fc8fbcccaf099971cce5	work/stage4/train_baselines.py	2f401c0b6693fd7bef3346deb7ee08526e4853b7cf323315d57a92ecb937d5fc	copied
src/stage5/claims_transformer.py	7f6d84cbfaaa09fcac6a42bd426e07479c1e3132eeb7a735a840dc6a59f224be	work/stage5/claims_transformer.py	7f6d84cbfaaa09fcac6a42bd426e07479c1e3132eeb7a735a840dc6a59f224be	copied
src/stage5/finetune_ap_transformer.py	3f185061d7e3cc42b4cab89a1602126a43a59f64ece2e73b5927cab2c8ba73a6	work/stage5/finetune_ap_transformer.py	3f185061d7e3cc42b4cab89a1602126a43a59f64ece2e73b5927cab2c8ba73a6	copied
src/stage5/finetune_ap_transformer_v2.py	85a0d7d12d00fe6361a500e987c4750b19711105fec54efb2cbb9517a2bd909f	work/stage5/finetune_ap_transformer_v2.py	85a0d7d12d00fe6361a500e987c4750b19711105fec54efb2cbb9517a2bd909f	copied
src/stage5/freeze_all_transformer_operating_points.py	7b125b30929dbe00af7b74c9cf4006d223feec8ae95eb49ef1db13b792e3fd97	work/stage5/freeze_all_transformer_operating_points.py	7357dab71a43aa274129958d47af4c847d8841a454c00e98a5758fc1834e5a09	copied
src/stage5/freeze_transformer_calibration.py	0ae7f1381d1e5c3e8049978f165907b0554769c9deeec4cb1eb026e0e3551acc	work/stage5/freeze_transformer_calibration.py	10fc9ec085150e8baafbaf5ed18e5f732b7fb28f1cd8298cd14e6567da36ad02	copied
src/stage5/prepare_pretraining_auxiliary_spec.py	fc82d2f017a6a74d8cb232b2c8c05a31ae8b3e89aa63ef3feac3ff76362ef5f7	work/stage5/prepare_pretraining_auxiliary_spec.py	1d87490d9b4904098eb02b6a358025339c2e742bb286adce0103a6942c08a70e	copied
src/stage5/pretrain_claims_transformer.py	48e5625a61f3c4a256406ca7b14e47535106aec07f2e694aa0ddca96d5351d6b	work/stage5/pretrain_claims_transformer.py	5ca186a14322dbe31e9ada588ae06fe45e3e5bbc1d981471128b48253636a8ec	copied
src/stage5/run_ap_only_pretraining.py	21229c87d4938cc65fd6351806ff25eb5685b1383ef3d74f2a4baafd45290530	work/stage5/run_ap_only_pretraining.py	d910726212ff08a5beb70b5bc480026875ff4dbb955c5915e55bb04fc863645d	copied
src/stage5/run_finetuning_grid.py	6c806a70c4211d9ac9f432bf08bfe31df36a392bd6578d30d05b305bd7c7304c	work/stage5/run_finetuning_grid.py	afae65f6f14b2776e84edfa73092082c1a578591cc1178a6a381a4af6ab3495c	copied
src/stage5/tests/test_claims_transformer.py	e3f3c54a09ff2d03d9f1e3bb7a11ef2ad5e5b8f0ce8c209b816082b353caabd6	work/stage5/tests/test_claims_transformer.py	e3f3c54a09ff2d03d9f1e3bb7a11ef2ad5e5b8f0ce8c209b816082b353caabd6	copied
src/stage5/tests/test_finetune_ap_transformer.py	049a248b8793dceb128ad25adf5558eb8309bb6e05d718ded5eb72216fb4d9b8	work/stage5/tests/test_finetune_ap_transformer.py	049a248b8793dceb128ad25adf5558eb8309bb6e05d718ded5eb72216fb4d9b8	copied
src/stage5/tests/test_finetune_ap_transformer_v2.py	490468987e61dc672ecbf0fbe031c77bd9d8831a8063318794a10adebeeec036	work/stage5/tests/test_finetune_ap_transformer_v2.py	490468987e61dc672ecbf0fbe031c77bd9d8831a8063318794a10adebeeec036	copied
src/stage5/tests/test_freeze_all_transformer_operating_points.py	6b38aad130ba5ccb1a8831e4415cf32cc261063d581b9d134f8eb87774dab99e	work/stage5/tests/test_freeze_all_transformer_operating_points.py	6b38aad130ba5ccb1a8831e4415cf32cc261063d581b9d134f8eb87774dab99e	copied
src/stage5/tests/test_freeze_transformer_calibration.py	5ea379ff1613c6cae29ff82622c0148a1b756ba3d76442e19f2a7e761587e4b4	work/stage5/tests/test_freeze_transformer_calibration.py	5ea379ff1613c6cae29ff82622c0148a1b756ba3d76442e19f2a7e761587e4b4	copied
src/stage5/tests/test_pretrain_claims_transformer.py	96cad2f8c13abe9c6bb925c1622617dffa82a7cc06ce737f3d95b628100f75bc	work/stage5/tests/test_pretrain_claims_transformer.py	96cad2f8c13abe9c6bb925c1622617dffa82a7cc06ce737f3d95b628100f75bc	copied
src/stage5/tests/test_run_ap_only_pretraining.py	ad34b988701cc32d894c99a4e549370cdd09dd4231592d06d8b07b8c329126c8	work/stage5/tests/test_run_ap_only_pretraining.py	ad34b988701cc32d894c99a4e549370cdd09dd4231592d06d8b07b8c329126c8	copied
src/stage5/tests/test_run_finetuning_grid.py	a1f99eac39e6314f1c3fedf54c8cf910d4b897980666c8429e7f5231e26ab403	work/stage5/tests/test_run_finetuning_grid.py	a1f99eac39e6314f1c3fedf54c8cf910d4b897980666c8429e7f5231e26ab403	copied
src/stage6/fit_hierarchical_conformal.py	433977a7470433b3d7fe8d6f26dc48bd1cf47d1bac6dc5c2a8757ebdce696ee7	work/stage6/fit_hierarchical_conformal.py	87494bc820141246f809dd9ac73eecab2110ba474b1035506242caaa5febed2c	copied
src/stage6/predict_locked_2021b.py	026c1c1ad477ab0855f62f9fe4197e1a346d5c82a43c93660e1946c8bd95a187	work/stage6/predict_locked_2021b.py	4319ba60ebe823f767821690d6efa0964fb69b6c2811a739b3fbebf81d6a1ef5	copied
src/stage6/run_2021b_conformal.py	a7fd0c6ca083a4099c9c1b2bfb88c3726b7abbf5400330e2f6ba823c596ffd8c	work/stage6/run_2021b_conformal.py	91c80c385b8d8e0252bf2037cdc90e145fdab2e9ad171e676c18aea48d56a930	copied
src/stage6/tests/test_hierarchical_conformal.py	888d1fa1c52c904f485901e1dacfa28b51b6d9f28fe22796c17c7731add8a343	work/stage6/tests/test_hierarchical_conformal.py	888d1fa1c52c904f485901e1dacfa28b51b6d9f28fe22796c17c7731add8a343	copied
src/stage6/tests/test_predict_locked_2021b.py	3acb164e88d2839358e0511f71e955e925fbe1aa056873c142c2c6fee5c0cbe2	work/stage6/tests/test_predict_locked_2021b.py	3acb164e88d2839358e0511f71e955e925fbe1aa056873c142c2c6fee5c0cbe2	copied
src/stage6/tests/test_run_2021b_conformal.py	6ff2bc926991114b02631cf27979b3b6f6c52a8bb86bd1c065b12fd79beb42ca	work/stage6/tests/test_run_2021b_conformal.py	6ff2bc926991114b02631cf27979b3b6f6c52a8bb86bd1c065b12fd79beb42ca	copied
src/stage7/analyze_locked_2022_drift.py	f8454403d5124c8e0b74ec3a50ed5cdbaed5acff301465ad2d484e35a1b9cbd3	work/stage7/analyze_locked_2022_drift.py	ed26d414f264f26611b2c56a6a9af23f8466315e0642600d88a19ff297e81a53	copied
src/stage7/analyze_locked_2022_drift_technical_amendment_v9.py	955726b3c4f616c1816cf238c352589ae2d886219836610143e6daa759cada46	work/stage7/analyze_locked_2022_drift_technical_amendment_v9.py	dee6856b99440a32432bc97b35b019396dce99358ef10a3e867bbf0c33f896d2	copied
src/stage7/build_2022_planned_readmission_lock.py	3c3286f9812fcae9bafc66c32f9b287c8b37b0333b3df6c1525c75fbd063225f	work/stage7/build_2022_planned_readmission_lock.py	1d35bc75dc97ba20e5ffaa1204dc2d3b84cae9f39ec744e6b14f2700807905c0	copied
src/stage7/build_corrected_2022_drift_input_v8.py	83e3a0912bc70395c033f5c3250b07bdefff990ceac15a3b028ce8bab8c816ee	work/stage7/build_corrected_2022_drift_input_v8.py	e73e628f23690b3b51060f7259c978605d6c34e9158acb2357b2a939234af486	copied
src/stage7/build_frozen_2022_data_specs.py	a69962411df0ac25b90431eced57cabc36c19f37858fadb94362d6811437399f	work/stage7/build_frozen_2022_data_specs.py	659c6b6c593a72376a4170164c304589f64052ccaeb69fdcb08f9956ad81fae4	copied
src/stage7/build_frozen_drift_reference.py	6b1d2d111f6ccf8c213521a53a907400812ca48639c0f765bbb12bfa13a657de	work/stage7/build_frozen_drift_reference.py	34f59bbd87fe26c01f8ad096b9fe60a30b259d5c4c8e772c939e6383fc164da8	copied
src/stage7/build_frozen_evaluation_spec.py	1a47004cc3c740622a413311d574b95e546f4b4c2a1131e937c5b48b7da9bf77	work/stage7/build_frozen_evaluation_spec.py	afcb8caac6bf34b109007e8754e977a093e1afb2436f554e26dd6341b5803926	copied
src/stage7/build_locked_2022_derivative.py	60066e108554578d0d1d1852769eaf5359b8d22e6124f2641a32dd74a745b4a1	work/stage7/build_locked_2022_derivative.py	577af1a9c824f6515c33cfa234beba20e513d97334bf3fe1e3c79633bff60c7f	copied
src/stage7/build_stage7_technical_amendment_v1.py	5803ba0f4e177c1d15f31066922723fbd27bec83d42c11464b2a1099634da2b4	work/stage7/build_stage7_technical_amendment_v1.py	dda5c7e7dc889ad69f635368a24a9cb4eae0f8d4aaca64fc088ec642ebb74450	copied
src/stage7/build_stage7_technical_amendment_v2.py	abd56417d86d0d21b6e7652ffa050a49a3303ca756662734fd166c227efdd8b6	work/stage7/build_stage7_technical_amendment_v2.py	87db1a6bded7dacd93a37faa1bbbb59a2b6e06ea66150ae62b9dadc563eed2eb	copied
src/stage7/build_stage7_technical_amendment_v3.py	a215e24a4ae618aadc22f2029d5630c59c5b10e17f981b30604f146d57a5c49b	work/stage7/build_stage7_technical_amendment_v3.py	b5903d2f8af1715dd9e598750b2f9ba4c2ff01f9e2c3855df6fb90ed200041f6	copied
src/stage7/build_stage7_technical_amendment_v4.py	a205a527f9d4e9dab25fc3bd79b14399d5aa7abc049c1fd1a6414fdd8381d29b	work/stage7/build_stage7_technical_amendment_v4.py	98911d49a5f41765a9064d0fde2b33b0a22914a9e31800a841a17db77d8c9cfc	copied
src/stage7/build_stage7_technical_amendment_v5.py	ff4206666100c6cb962275e7fd31cf180e430b387838efb754c99e799109f2e1	work/stage7/build_stage7_technical_amendment_v5.py	aa881fd38ed251e7df6012c2a2877f8c6d97088ce4970d1502bf08684f2a3326	copied
src/stage7/build_stage7_technical_amendment_v8.py	a3e4d8449044308425be20980f948156d7669acb4a9882b77b8eb82cd12a2e31	work/stage7/build_stage7_technical_amendment_v8.py	6cfbfff4a6aec27f4cf0dc973ef794ff03890b4ed1722c3854e8a7c18aaca981	copied
src/stage7/build_stage7_technical_amendment_v9.py	6b4f2028f958f6b3caf4075c9f441d31f77b5b756111c71e3f46f057c60ca548	work/stage7/build_stage7_technical_amendment_v9.py	1da1ab53140533f81cbf311ad9a23b211bea898a36897513fef9bfec53517b74	copied
src/stage7/evaluate_locked_2022.py	b7f4f435ee2d18bd97a2dfc18d211537e3af24a9c1700a370ade080e073063d9	work/stage7/evaluate_locked_2022.py	c73bc52bfbf5557d35af4b178e237b0bf542b85ccf8e1033f5fb6e71b04fcbc2	copied
src/stage7/export_corrected_2022_public_aggregate_v1.py	943ea8cd6f1636252bb6fd37915a23a71083c45046333fe1d17fc36f6c6c8107	work/stage7/export_corrected_2022_public_aggregate_v1.py	943ea8cd6f1636252bb6fd37915a23a71083c45046333fe1d17fc36f6c6c8107	copied
src/stage7/freeze_pre2022_lock.py	bfb719a6353c55bce66b348d505f314b6d593f7038cda3723e6ed85811a9e967	work/stage7/freeze_pre2022_lock.py	06e68de68d0ea07a97c40d19e715af2c547db5b376fd67013dff07527ef443b0	copied
src/stage7/predict_all_locked_2022.py	ce013413cb94be18a66e77c1a62e3225c1d1c4dd0225494d9f635126d90efc95	work/stage7/predict_all_locked_2022.py	39232a185712605c4f58e51bb039d3a66d102bd7069fe7896cc162564311dcc6	copied
src/stage7/predict_all_locked_2022_technical_amendment_v3.py	711ce7684bd3bbea84be27757d30f2a6331e264caec8c0257de545ce6600ba32	work/stage7/predict_all_locked_2022_technical_amendment_v3.py	b51d90063d11d5ba24b15baebef447e3a60e038b0dcc3eb7a3d1f5cdbb6516d4	copied
src/stage7/predict_all_locked_2022_technical_amendment_v4.py	8b4385c47ce35f4301a0fcef80f76cd0933ab3703ad07602b4bdfea4fe6c53d2	work/stage7/predict_all_locked_2022_technical_amendment_v4.py	aebb345a86d2c58df4a1c73acac4d28120fd3ad7a1cc5e94b520b895525b7b5b	copied
src/stage7/repair_locked_2022_episode_order_v8.py	44de1acf04b2656427223a9da741fc0d3ae21f198c6658eb114702c297bd995a	work/stage7/repair_locked_2022_episode_order_v8.py	52549d04f334087d7a30cae7d059899b1105c6a55954940035f10e0cc32f29d8	copied
src/stage7/run_locked_2022_etl.py	b219fd6317702e3637507c2b8fe15ddca6c7a2c478bf764881eca488eac6fcfb	work/stage7/run_locked_2022_etl.py	3ea68591edd24a199a1075c95fdf116118c1110cb71416f7578d642026e4631f	copied
src/stage7/run_locked_2022_etl_technical_amendment_v1.py	c279a1af05bc8540a0ca7a014cc67821e1c27475ce443cf47373a3969977b987	work/stage7/run_locked_2022_etl_technical_amendment_v1.py	3514ef6a83244dd55eba6eb68b1a4b3dcd7a491f5c59b58cc0b60e40d39b7637	copied
src/stage7/run_locked_2022_etl_technical_amendment_v2.py	b644d9aa210b22e1554fe5ff8095342ac1b83631b089612ca412f6498cf259a4	work/stage7/run_locked_2022_etl_technical_amendment_v2.py	0cb9e0a3995748234a3e60d90c82bb5e739596417aaca9aa1cea4f19a1142992	copied
src/stage7/tests/test_analyze_locked_2022_drift.py	3565213a27c8def18bb3c828b08dd088c66afa1efab41986cc5df75713db63dc	work/stage7/tests/test_analyze_locked_2022_drift.py	3565213a27c8def18bb3c828b08dd088c66afa1efab41986cc5df75713db63dc	copied
src/stage7/tests/test_analyze_locked_2022_drift_technical_amendment_v9.py	a38ecbaccc512856c6596a1fb222ca438be9478c45b40496dc36b29928829d1d	work/stage7/tests/test_analyze_locked_2022_drift_technical_amendment_v9.py	a38ecbaccc512856c6596a1fb222ca438be9478c45b40496dc36b29928829d1d	copied
src/stage7/tests/test_build_frozen_2022_data_specs.py	c353ed6f1d055a8540d3017445f3d23f5f0e5371bf504589df09fb7bb28f5ca9	work/stage7/tests/test_build_frozen_2022_data_specs.py	c353ed6f1d055a8540d3017445f3d23f5f0e5371bf504589df09fb7bb28f5ca9	copied
src/stage7/tests/test_build_frozen_drift_reference.py	046fb4aa03adb737d00548e989a49cd4a866d9451f8a582c8b273538bd8f3020	work/stage7/tests/test_build_frozen_drift_reference.py	046fb4aa03adb737d00548e989a49cd4a866d9451f8a582c8b273538bd8f3020	copied
src/stage7/tests/test_build_frozen_evaluation_spec.py	8b5b131e43e58c69ba68adfc2ef2c76e3d5f79b3bc7329a56a9abba2ed800a87	work/stage7/tests/test_build_frozen_evaluation_spec.py	8b5b131e43e58c69ba68adfc2ef2c76e3d5f79b3bc7329a56a9abba2ed800a87	copied
src/stage7/tests/test_build_locked_2022_derivative.py	fc6f85567ca98f31537f72ae5244ae8c74c75a5874e0d4a77116408e6c4c9844	work/stage7/tests/test_build_locked_2022_derivative.py	fc6f85567ca98f31537f72ae5244ae8c74c75a5874e0d4a77116408e6c4c9844	copied
src/stage7/tests/test_build_stage7_technical_amendment_v9.py	85594181ba19699996f95f037c1281845cb59c24a351993d910b3a844d0cedd3	work/stage7/tests/test_build_stage7_technical_amendment_v9.py	85594181ba19699996f95f037c1281845cb59c24a351993d910b3a844d0cedd3	copied
src/stage7/tests/test_evaluate_locked_2022.py	ec6ba8ad290d3cd169decdfe74c35fc185e796d710582988ede3f9b880552ba2	work/stage7/tests/test_evaluate_locked_2022.py	ec6ba8ad290d3cd169decdfe74c35fc185e796d710582988ede3f9b880552ba2	copied
src/stage7/tests/test_export_corrected_2022_public_aggregate_v1.py	b0a8d4067922f9288ee8ef998f8190e6df9ace2bb4998fbd37195d7626d01119	work/stage7/tests/test_export_corrected_2022_public_aggregate_v1.py	b0a8d4067922f9288ee8ef998f8190e6df9ace2bb4998fbd37195d7626d01119	copied
src/stage7/tests/test_freeze_pre2022_lock.py	fe9096889ff107bc07cb0e52bbecbcba510a0d9af57892ef76c2106f8a98bc29	work/stage7/tests/test_freeze_pre2022_lock.py	fe9096889ff107bc07cb0e52bbecbcba510a0d9af57892ef76c2106f8a98bc29	copied
src/stage7/tests/test_predict_all_locked_2022.py	408093b12834129bef26773db993c68a27b3ebd80c4df4d927e1cee7ceaabf32	work/stage7/tests/test_predict_all_locked_2022.py	408093b12834129bef26773db993c68a27b3ebd80c4df4d927e1cee7ceaabf32	copied
src/stage7/tests/test_repair_locked_2022_episode_order_v8.py	712094cabeeefa04240b5275b4e02d2671b049ed8e83f6b345b5fb7d081c1590	work/stage7/tests/test_repair_locked_2022_episode_order_v8.py	712094cabeeefa04240b5275b4e02d2671b049ed8e83f6b345b5fb7d081c1590	copied
src/stage7/tests/test_run_locked_2022_etl.py	a5c2bf697a1d7ddb48e4791220e123880f186aa44ea2990bd9c763cff6e33f62	work/stage7/tests/test_run_locked_2022_etl.py	a5c2bf697a1d7ddb48e4791220e123880f186aa44ea2990bd9c763cff6e33f62	copied
src/stage7/tests/test_stage7_technical_amendment_v1.py	d3dd640580543e14d127dce7b1630436ace8a6d725af572369142e9a92fa03ff	work/stage7/tests/test_stage7_technical_amendment_v1.py	a7b1a2fb705c0f27603d9a32ea780d90548f67dcf2551db778367717fc5864c3	copied
src/stage7/tests/test_stage7_technical_amendment_v2.py	1f596c631cf793c8a8efc15af6e99d7b84370fbbcfefaa631db87d694971fc7f	work/stage7/tests/test_stage7_technical_amendment_v2.py	f789c08bee74f4d4c80e7f96e9df600c57163f061abd49e6d01dcccf768d6d2f	copied
src/stage7/tests/test_stage7_technical_amendment_v3.py	853130d01a61a20008ab8c1276ccb79393ad715d9b5dd0b41ca6f85f509ec2ec	work/stage7/tests/test_stage7_technical_amendment_v3.py	6ff465dbac31a9cf0f29d9d444601322a9b016a27ba6e9c6fa04e067395f33bc	copied
src/stage7/tests/test_stage7_technical_amendment_v4.py	fd126e7c87e6670ae6ecba8e2ff65bdbb882d4dd9f9c46991802a9b192059201	work/stage7/tests/test_stage7_technical_amendment_v4.py	cfaa216c574ec5a2aaef3c4dae58d2b15cbbc7516cc8479f3ff4d325b77d3493	copied
src/stage7/tests/test_stage7_technical_amendment_v5.py	e1ed92602bbde6a9799b4add631a0e0e86e6a941c56c65dc77bb3e057b7c0408	work/stage7/tests/test_stage7_technical_amendment_v5.py	e1ed92602bbde6a9799b4add631a0e0e86e6a941c56c65dc77bb3e057b7c0408	copied
