label_node,subtype,ontology_role,priority,code_system,code,description,valid_years,include_for,ccsr_default,ccsr_default_description,ccsr_all,verification
readmission.ap_specific,acute_pancreatitis,cause_label,1,CM,K8500,Idiopathic acute pancreatitis without necrosis or infection,2018;2019;2020;2021;2022,principal_and_sensitivity,DIG020,Pancreatic disorders (excluding diabetes),DIG020,present_as_billable_in_official_annual_catalog
readmission.ap_specific,acute_pancreatitis,cause_label,1,CM,K8501,Idiopathic acute pancreatitis with uninfected necrosis,2018;2019;2020;2021;2022,principal_and_sensitivity,DIG020,Pancreatic disorders (excluding diabetes),DIG020,present_as_billable_in_official_annual_catalog
readmission.ap_specific,acute_pancreatitis,cause_label,1,CM,K8502,Idiopathic acute pancreatitis with infected necrosis,2018;2019;2020;2021;2022,principal_and_sensitivity,DIG020,Pancreatic disorders (excluding diabetes),DIG020,present_as_billable_in_official_annual_catalog
readmission.ap_specific,acute_pancreatitis,cause_label,1,CM,K8510,Biliary acute pancreatitis without necrosis or infection,2018;2019;2020;2021;2022,principal_and_sensitivity,DIG020,Pancreatic disorders (excluding diabetes),DIG020,present_as_billable_in_official_annual_catalog
readmission.ap_specific,acute_pancreatitis,cause_label,1,CM,K8511,Biliary acute pancreatitis with uninfected necrosis,2018;2019;2020;2021;2022,principal_and_sensitivity,DIG020,Pancreatic disorders (excluding diabetes),DIG020,present_as_billable_in_official_annual_catalog
readmission.ap_specific,acute_pancreatitis,cause_label,1,CM,K8512,Biliary acute pancreatitis with infected necrosis,2018;2019;2020;2021;2022,principal_and_sensitivity,DIG020,Pancreatic disorders (excluding diabetes),DIG020,present_as_billable_in_official_annual_catalog
readmission.ap_specific,acute_pancreatitis,cause_label,1,CM,K8520,Alcohol induced acute pancreatitis without necrosis or infection,2018;2019;2020;2021;2022,principal_and_sensitivity,DIG020,Pancreatic disorders (excluding diabetes),DIG020,present_as_billable_in_official_annual_catalog
readmission.ap_specific,acute_pancreatitis,cause_label,1,CM,K8521,Alcohol induced acute pancreatitis with uninfected necrosis,2018;2019;2020;2021;2022,principal_and_sensitivity,DIG020,Pancreatic disorders (excluding diabetes),DIG020,present_as_billable_in_official_annual_catalog
readmission.ap_specific,acute_pancreatitis,cause_label,1,CM,K8522,Alcohol induced acute pancreatitis with infected necrosis,2018;2019;2020;2021;2022,principal_and_sensitivity,DIG020,Pancreatic disorders (excluding diabetes),DIG020,present_as_billable_in_official_annual_catalog
readmission.ap_specific,acute_pancreatitis,cause_label,1,CM,K8530,Drug induced acute pancreatitis without necrosis or infection,2018;2019;2020;2021;2022,principal_and_sensitivity,INJ030,Drug induced or toxic related condition,DIG020;INJ030,present_as_billable_in_official_annual_catalog
readmission.ap_specific,acute_pancreatitis,cause_label,1,CM,K8531,Drug induced acute pancreatitis with uninfected necrosis,2018;2019;2020;2021;2022,principal_and_sensitivity,INJ030,Drug induced or toxic related condition,DIG020;INJ030,present_as_billable_in_official_annual_catalog
readmission.ap_specific,acute_pancreatitis,cause_label,1,CM,K8532,Drug induced acute pancreatitis with infected necrosis,2018;2019;2020;2021;2022,principal_and_sensitivity,INJ030,Drug induced or toxic related condition,DIG020;INJ030,present_as_billable_in_official_annual_catalog
readmission.ap_specific,acute_pancreatitis,cause_label,1,CM,K8580,Other acute pancreatitis without necrosis or infection,2018;2019;2020;2021;2022,principal_and_sensitivity,DIG020,Pancreatic disorders (excluding diabetes),DIG020,present_as_billable_in_official_annual_catalog
readmission.ap_specific,acute_pancreatitis,cause_label,1,CM,K8581,Other acute pancreatitis with uninfected necrosis,2018;2019;2020;2021;2022,principal_and_sensitivity,DIG020,Pancreatic disorders (excluding diabetes),DIG020,present_as_billable_in_official_annual_catalog
readmission.ap_specific,acute_pancreatitis,cause_label,1,CM,K8582,Other acute pancreatitis with infected necrosis,2018;2019;2020;2021;2022,principal_and_sensitivity,DIG020,Pancreatic disorders (excluding diabetes),DIG020,present_as_billable_in_official_annual_catalog
readmission.ap_specific,acute_pancreatitis,cause_label,1,CM,K8590,"Acute pancreatitis without necrosis or infection, unspecified",2018;2019;2020;2021;2022,principal_and_sensitivity,DIG020,Pancreatic disorders (excluding diabetes),DIG020,present_as_billable_in_official_annual_catalog
readmission.ap_specific,acute_pancreatitis,cause_label,1,CM,K8591,"Acute pancreatitis with uninfected necrosis, unspecified",2018;2019;2020;2021;2022,principal_and_sensitivity,DIG020,Pancreatic disorders (excluding diabetes),DIG020,present_as_billable_in_official_annual_catalog
readmission.ap_specific,acute_pancreatitis,cause_label,1,CM,K8592,"Acute pancreatitis with infected necrosis, unspecified",2018;2019;2020;2021;2022,principal_and_sensitivity,DIG020,Pancreatic disorders (excluding diabetes),DIG020,present_as_billable_in_official_annual_catalog
readmission.biliary_event,acute_cholecystitis,cause_label,2,CM,K8000,Calculus of gallbladder with acute cholecystitis without obstruction,2018;2019;2020;2021;2022,principal_and_sensitivity,DIG017,Biliary tract disease,DIG017,present_as_billable_in_official_annual_catalog
readmission.biliary_event,acute_cholecystitis,cause_label,2,CM,K8001,Calculus of gallbladder with acute cholecystitis with obstruction,2018;2019;2020;2021;2022,principal_and_sensitivity,DIG017,Biliary tract disease,DIG017,present_as_billable_in_official_annual_catalog
readmission.biliary_event,acute_cholecystitis,cause_label,2,CM,K8012,Calculus of gallbladder with acute and chronic cholecystitis without obstruction,2018;2019;2020;2021;2022,principal_and_sensitivity,DIG017,Biliary tract disease,DIG017,present_as_billable_in_official_annual_catalog
readmission.biliary_event,acute_cholecystitis,cause_label,2,CM,K8013,Calculus of gallbladder with acute and chronic cholecystitis with obstruction,2018;2019;2020;2021;2022,principal_and_sensitivity,DIG017,Biliary tract disease,DIG017,present_as_billable_in_official_annual_catalog
readmission.biliary_event,acute_cholecystitis,cause_label,2,CM,K8042,Calculus of bile duct with acute cholecystitis without obstruction,2018;2019;2020;2021;2022,principal_and_sensitivity,DIG017,Biliary tract disease,DIG017,present_as_billable_in_official_annual_catalog
readmission.biliary_event,acute_cholecystitis,cause_label,2,CM,K8043,Calculus of bile duct with acute cholecystitis with obstruction,2018;2019;2020;2021;2022,principal_and_sensitivity,DIG017,Biliary tract disease,DIG017,present_as_billable_in_official_annual_catalog
readmission.biliary_event,acute_cholecystitis,cause_label,2,CM,K8046,Calculus of bile duct with acute and chronic cholecystitis without obstruction,2018;2019;2020;2021;2022,principal_and_sensitivity,DIG017,Biliary tract disease,DIG017,present_as_billable_in_official_annual_catalog
readmission.biliary_event,acute_cholecystitis,cause_label,2,CM,K8047,Calculus of bile duct with acute and chronic cholecystitis with obstruction,2018;2019;2020;2021;2022,principal_and_sensitivity,DIG017,Biliary tract disease,DIG017,present_as_billable_in_official_annual_catalog
readmission.biliary_event,acute_cholecystitis,cause_label,2,CM,K8062,Calculus of gallbladder and bile duct with acute cholecystitis without obstruction,2018;2019;2020;2021;2022,principal_and_sensitivity,DIG017,Biliary tract disease,DIG017,present_as_billable_in_official_annual_catalog
readmission.biliary_event,acute_cholecystitis,cause_label,2,CM,K8063,Calculus of gallbladder and bile duct with acute cholecystitis with obstruction,2018;2019;2020;2021;2022,principal_and_sensitivity,DIG017,Biliary tract disease,DIG017,present_as_billable_in_official_annual_catalog
readmission.biliary_event,acute_cholecystitis,cause_label,2,CM,K8066,Calculus of gallbladder and bile duct with acute and chronic cholecystitis without obstruction,2018;2019;2020;2021;2022,principal_and_sensitivity,DIG017,Biliary tract disease,DIG017,present_as_billable_in_official_annual_catalog
readmission.biliary_event,acute_cholecystitis,cause_label,2,CM,K8067,Calculus of gallbladder and bile duct with acute and chronic cholecystitis with obstruction,2018;2019;2020;2021;2022,principal_and_sensitivity,DIG017,Biliary tract disease,DIG017,present_as_billable_in_official_annual_catalog
readmission.biliary_event,acute_cholecystitis,cause_label,2,CM,K810,Acute cholecystitis,2018;2019;2020;2021;2022,principal_and_sensitivity,DIG017,Biliary tract disease,DIG017,present_as_billable_in_official_annual_catalog
readmission.biliary_event,acute_cholecystitis,cause_label,2,CM,K812,Acute cholecystitis with chronic cholecystitis,2018;2019;2020;2021;2022,principal_and_sensitivity,DIG017,Biliary tract disease,DIG017,present_as_billable_in_official_annual_catalog
readmission.biliary_event,acute_cholecystitis,cause_label,2,CM,K82A1,Gangrene of gallbladder in cholecystitis,2019;2020;2021;2022,principal_and_sensitivity,XXX000,Unacceptable PDX,CIR028;DIG017,present_as_billable_in_official_annual_catalog
readmission.biliary_event,acute_cholecystitis,cause_label,2,CM,K82A2,Perforation of gallbladder in cholecystitis,2019;2020;2021;2022,principal_and_sensitivity,XXX000,Unacceptable PDX,DIG006;DIG017,present_as_billable_in_official_annual_catalog
readmission.biliary_event,biliary_obstruction,cause_label,2,CM,K8011,Calculus of gallbladder with chronic cholecystitis with obstruction,2018;2019;2020;2021;2022,principal_and_sensitivity,DIG017,Biliary tract disease,DIG017,present_as_billable_in_official_annual_catalog
readmission.biliary_event,biliary_obstruction,cause_label,2,CM,K8019,Calculus of gallbladder with other cholecystitis with obstruction,2018;2019;2020;2021;2022,principal_and_sensitivity,DIG017,Biliary tract disease,DIG017,present_as_billable_in_official_annual_catalog
readmission.biliary_event,biliary_obstruction,cause_label,2,CM,K8021,Calculus of gallbladder without cholecystitis with obstruction,2018;2019;2020;2021;2022,principal_and_sensitivity,DIG017,Biliary tract disease,DIG017,present_as_billable_in_official_annual_catalog
readmission.biliary_event,biliary_obstruction,cause_label,2,CM,K8031,"Calculus of bile duct with cholangitis, unspecified, with obstruction",2018;2019;2020;2021;2022,principal_and_sensitivity,DIG017,Biliary tract disease,DIG017,present_as_billable_in_official_annual_catalog
readmission.biliary_event,biliary_obstruction,cause_label,2,CM,K8033,Calculus of bile duct with acute cholangitis with obstruction,2018;2019;2020;2021;2022,principal_and_sensitivity,DIG017,Biliary tract disease,DIG017,present_as_billable_in_official_annual_catalog
readmission.biliary_event,biliary_obstruction,cause_label,2,CM,K8035,Calculus of bile duct with chronic cholangitis with obstruction,2018;2019;2020;2021;2022,principal_and_sensitivity,DIG017,Biliary tract disease,DIG017,present_as_billable_in_official_annual_catalog
readmission.biliary_event,biliary_obstruction,cause_label,2,CM,K8037,Calculus of bile duct with acute and chronic cholangitis with obstruction,2018;2019;2020;2021;2022,principal_and_sensitivity,DIG017,Biliary tract disease,DIG017,present_as_billable_in_official_annual_catalog
readmission.biliary_event,biliary_obstruction,cause_label,2,CM,K8041,"Calculus of bile duct with cholecystitis, unspecified, with obstruction",2018;2019;2020;2021;2022,principal_and_sensitivity,DIG017,Biliary tract disease,DIG017,present_as_billable_in_official_annual_catalog
readmission.biliary_event,biliary_obstruction,cause_label,2,CM,K8045,Calculus of bile duct with chronic cholecystitis with obstruction,2018;2019;2020;2021;2022,principal_and_sensitivity,DIG017,Biliary tract disease,DIG017,present_as_billable_in_official_annual_catalog
readmission.biliary_event,biliary_obstruction,cause_label,2,CM,K8051,Calculus of bile duct without cholangitis or cholecystitis with obstruction,2018;2019;2020;2021;2022,principal_and_sensitivity,DIG017,Biliary tract disease,DIG017,present_as_billable_in_official_annual_catalog
readmission.biliary_event,biliary_obstruction,cause_label,2,CM,K8061,"Calculus of gallbladder and bile duct with cholecystitis, unspecified, with obstruction",2018;2019;2020;2021;2022,principal_and_sensitivity,DIG017,Biliary tract disease,DIG017,present_as_billable_in_official_annual_catalog
readmission.biliary_event,biliary_obstruction,cause_label,2,CM,K8065,Calculus of gallbladder and bile duct with chronic cholecystitis with obstruction,2018;2019;2020;2021;2022,principal_and_sensitivity,DIG017,Biliary tract disease,DIG017,present_as_billable_in_official_annual_catalog
readmission.biliary_event,biliary_obstruction,cause_label,2,CM,K8071,Calculus of gallbladder and bile duct without cholecystitis with obstruction,2018;2019;2020;2021;2022,principal_and_sensitivity,DIG017,Biliary tract disease,DIG017,present_as_billable_in_official_annual_catalog
readmission.biliary_event,biliary_obstruction,cause_label,2,CM,K8081,Other cholelithiasis with obstruction,2018;2019;2020;2021;2022,principal_and_sensitivity,DIG017,Biliary tract disease,DIG017,present_as_billable_in_official_annual_catalog
readmission.biliary_event,biliary_obstruction,cause_label,2,CM,K831,Obstruction of bile duct,2018;2019;2020;2021;2022,principal_and_sensitivity,DIG017,Biliary tract disease,DIG017,present_as_billable_in_official_annual_catalog
readmission.biliary_event,cholangitis,cause_label,2,CM,K8030,"Calculus of bile duct with cholangitis, unspecified, without obstruction",2018;2019;2020;2021;2022,principal_and_sensitivity,DIG017,Biliary tract disease,DIG017,present_as_billable_in_official_annual_catalog
readmission.biliary_event,cholangitis,cause_label,2,CM,K8032,Calculus of bile duct with acute cholangitis without obstruction,2018;2019;2020;2021;2022,principal_and_sensitivity,DIG017,Biliary tract disease,DIG017,present_as_billable_in_official_annual_catalog
readmission.biliary_event,cholangitis,cause_label,2,CM,K8034,Calculus of bile duct with chronic cholangitis without obstruction,2018;2019;2020;2021;2022,principal_and_sensitivity,DIG017,Biliary tract disease,DIG017,present_as_billable_in_official_annual_catalog
readmission.biliary_event,cholangitis,cause_label,2,CM,K8036,Calculus of bile duct with acute and chronic cholangitis without obstruction,2018;2019;2020;2021;2022,principal_and_sensitivity,DIG017,Biliary tract disease,DIG017,present_as_billable_in_official_annual_catalog
readmission.biliary_event,cholangitis,cause_label,2,CM,K830,Cholangitis,2018,principal_and_sensitivity,DIG017,Biliary tract disease,DIG017,present_as_billable_in_official_annual_catalog
readmission.biliary_event,cholangitis,cause_label,2,CM,K8309,Other cholangitis,2019;2020;2021;2022,principal_and_sensitivity,DIG017,Biliary tract disease,DIG017,present_as_billable_in_official_annual_catalog
readmission.biliary_event,choledocholithiasis,cause_label,2,CM,K8040,"Calculus of bile duct with cholecystitis, unspecified, without obstruction",2018;2019;2020;2021;2022,principal_and_sensitivity,DIG017,Biliary tract disease,DIG017,present_as_billable_in_official_annual_catalog
readmission.biliary_event,choledocholithiasis,cause_label,2,CM,K8044,Calculus of bile duct with chronic cholecystitis without obstruction,2018;2019;2020;2021;2022,principal_and_sensitivity,DIG017,Biliary tract disease,DIG017,present_as_billable_in_official_annual_catalog
readmission.biliary_event,choledocholithiasis,cause_label,2,CM,K8050,Calculus of bile duct without cholangitis or cholecystitis without obstruction,2018;2019;2020;2021;2022,principal_and_sensitivity,DIG017,Biliary tract disease,DIG017,present_as_billable_in_official_annual_catalog
readmission.biliary_event,choledocholithiasis,cause_label,2,CM,K8060,"Calculus of gallbladder and bile duct with cholecystitis, unspecified, without obstruction",2018;2019;2020;2021;2022,principal_and_sensitivity,DIG017,Biliary tract disease,DIG017,present_as_billable_in_official_annual_catalog
readmission.biliary_event,choledocholithiasis,cause_label,2,CM,K8064,Calculus of gallbladder and bile duct with chronic cholecystitis without obstruction,2018;2019;2020;2021;2022,principal_and_sensitivity,DIG017,Biliary tract disease,DIG017,present_as_billable_in_official_annual_catalog
readmission.biliary_event,choledocholithiasis,cause_label,2,CM,K8070,Calculus of gallbladder and bile duct without cholecystitis without obstruction,2018;2019;2020;2021;2022,principal_and_sensitivity,DIG017,Biliary tract disease,DIG017,present_as_billable_in_official_annual_catalog
readmission.biliary_event,gallstone_broad,cause_label,2,CM,K8010,Calculus of gallbladder with chronic cholecystitis without obstruction,2018;2019;2020;2021;2022,principal_and_sensitivity,DIG017,Biliary tract disease,DIG017,present_as_billable_in_official_annual_catalog
readmission.biliary_event,gallstone_broad,cause_label,2,CM,K8018,Calculus of gallbladder with other cholecystitis without obstruction,2018;2019;2020;2021;2022,principal_and_sensitivity,DIG017,Biliary tract disease,DIG017,present_as_billable_in_official_annual_catalog
readmission.biliary_event,gallstone_broad,cause_label,2,CM,K8020,Calculus of gallbladder without cholecystitis without obstruction,2018;2019;2020;2021;2022,principal_and_sensitivity,DIG017,Biliary tract disease,DIG017,present_as_billable_in_official_annual_catalog
readmission.biliary_event,gallstone_broad,cause_label,2,CM,K8080,Other cholelithiasis without obstruction,2018;2019;2020;2021;2022,principal_and_sensitivity,DIG017,Biliary tract disease,DIG017,present_as_billable_in_official_annual_catalog
readmission.sepsis_or_acute_organ_dysfunction,acute_hepatic_failure,cause_label,3,CM,K7110,"Toxic liver disease with hepatic necrosis, without coma",2018;2019;2020;2021;2022,principal_and_sensitivity,DIG019,Other specified and unspecified liver disease,DIG019;INJ030,present_as_billable_in_official_annual_catalog
readmission.sepsis_or_acute_organ_dysfunction,acute_hepatic_failure,cause_label,3,CM,K7111,"Toxic liver disease with hepatic necrosis, with coma",2018;2019;2020;2021;2022,principal_and_sensitivity,DIG019,Other specified and unspecified liver disease,DIG019;INJ030;NVS013,present_as_billable_in_official_annual_catalog
readmission.sepsis_or_acute_organ_dysfunction,acute_hepatic_failure,cause_label,3,CM,K7200,Acute and subacute hepatic failure without coma,2018;2019;2020;2021;2022,principal_and_sensitivity,DIG018,Hepatic failure,DIG018,present_as_billable_in_official_annual_catalog
readmission.sepsis_or_acute_organ_dysfunction,acute_hepatic_failure,cause_label,3,CM,K7201,Acute and subacute hepatic failure with coma,2018;2019;2020;2021;2022,principal_and_sensitivity,DIG018,Hepatic failure,DIG018;NVS013,present_as_billable_in_official_annual_catalog
readmission.sepsis_or_acute_organ_dysfunction,acute_kidney_failure,cause_label,3,CM,N170,Acute kidney failure with tubular necrosis,2018;2019;2020;2021;2022,principal_and_sensitivity,GEN002,Acute and unspecified renal failure,GEN002,present_as_billable_in_official_annual_catalog
readmission.sepsis_or_acute_organ_dysfunction,acute_kidney_failure,cause_label,3,CM,N171,Acute kidney failure with acute cortical necrosis,2018;2019;2020;2021;2022,principal_and_sensitivity,GEN002,Acute and unspecified renal failure,GEN002,present_as_billable_in_official_annual_catalog
readmission.sepsis_or_acute_organ_dysfunction,acute_kidney_failure,cause_label,3,CM,N172,Acute kidney failure with medullary necrosis,2018;2019;2020;2021;2022,principal_and_sensitivity,GEN002,Acute and unspecified renal failure,GEN002,present_as_billable_in_official_annual_catalog
readmission.sepsis_or_acute_organ_dysfunction,acute_kidney_failure,cause_label,3,CM,N178,Other acute kidney failure,2018;2019;2020;2021;2022,principal_and_sensitivity,GEN002,Acute and unspecified renal failure,GEN002,present_as_billable_in_official_annual_catalog
readmission.sepsis_or_acute_organ_dysfunction,acute_kidney_failure,cause_label,3,CM,N179,"Acute kidney failure, unspecified",2018;2019;2020;2021;2022,principal_and_sensitivity,GEN002,Acute and unspecified renal failure,GEN002,present_as_billable_in_official_annual_catalog
readmission.sepsis_or_acute_organ_dysfunction,acute_respiratory_failure,cause_label,3,CM,J9600,"Acute respiratory failure, unspecified whether with hypoxia or hypercapnia",2018;2019;2020;2021;2022,principal_and_sensitivity,RSP012,Respiratory failure; insufficiency; arrest,RSP012,present_as_billable_in_official_annual_catalog
readmission.sepsis_or_acute_organ_dysfunction,acute_respiratory_failure,cause_label,3,CM,J9601,Acute respiratory failure with hypoxia,2018;2019;2020;2021;2022,principal_and_sensitivity,RSP012,Respiratory failure; insufficiency; arrest,RSP012,present_as_billable_in_official_annual_catalog
readmission.sepsis_or_acute_organ_dysfunction,acute_respiratory_failure,cause_label,3,CM,J9602,Acute respiratory failure with hypercapnia,2018;2019;2020;2021;2022,principal_and_sensitivity,RSP012,Respiratory failure; insufficiency; arrest,RSP012,present_as_billable_in_official_annual_catalog
readmission.sepsis_or_acute_organ_dysfunction,acute_respiratory_failure,cause_label,3,CM,J9620,"Acute and chronic respiratory failure, unspecified whether with hypoxia or hypercapnia",2018;2019;2020;2021;2022,principal_and_sensitivity,RSP012,Respiratory failure; insufficiency; arrest,RSP012,present_as_billable_in_official_annual_catalog
readmission.sepsis_or_acute_organ_dysfunction,acute_respiratory_failure,cause_label,3,CM,J9621,Acute and chronic respiratory failure with hypoxia,2018;2019;2020;2021;2022,principal_and_sensitivity,RSP012,Respiratory failure; insufficiency; arrest,RSP012,present_as_billable_in_official_annual_catalog
readmission.sepsis_or_acute_organ_dysfunction,acute_respiratory_failure,cause_label,3,CM,J9622,Acute and chronic respiratory failure with hypercapnia,2018;2019;2020;2021;2022,principal_and_sensitivity,RSP012,Respiratory failure; insufficiency; arrest,RSP012,present_as_billable_in_official_annual_catalog
readmission.sepsis_or_acute_organ_dysfunction,disseminated_intravascular_coagulation,cause_label,3,CM,D65,Disseminated intravascular coagulation [defibrination syndrome],2018;2019;2020;2021;2022,principal_and_sensitivity,BLD006,Coagulation and hemorrhagic disorders,BLD006,present_as_billable_in_official_annual_catalog
readmission.sepsis_or_acute_organ_dysfunction,sepsis,cause_label,3,CM,A400,"Sepsis due to streptococcus, group A",2018;2019;2020;2021;2022,principal_and_sensitivity,INF002,Septicemia,INF002;INF003,present_as_billable_in_official_annual_catalog
readmission.sepsis_or_acute_organ_dysfunction,sepsis,cause_label,3,CM,A401,"Sepsis due to streptococcus, group B",2018;2019;2020;2021;2022,principal_and_sensitivity,INF002,Septicemia,INF002;INF003,present_as_billable_in_official_annual_catalog
readmission.sepsis_or_acute_organ_dysfunction,sepsis,cause_label,3,CM,A403,Sepsis due to Streptococcus pneumoniae,2018;2019;2020;2021;2022,principal_and_sensitivity,INF002,Septicemia,INF002;INF003,present_as_billable_in_official_annual_catalog
readmission.sepsis_or_acute_organ_dysfunction,sepsis,cause_label,3,CM,A408,Other streptococcal sepsis,2018;2019;2020;2021;2022,principal_and_sensitivity,INF002,Septicemia,INF002;INF003,present_as_billable_in_official_annual_catalog
readmission.sepsis_or_acute_organ_dysfunction,sepsis,cause_label,3,CM,A409,"Streptococcal sepsis, unspecified",2018;2019;2020;2021;2022,principal_and_sensitivity,INF002,Septicemia,INF002;INF003,present_as_billable_in_official_annual_catalog
readmission.sepsis_or_acute_organ_dysfunction,sepsis,cause_label,3,CM,A4101,Sepsis due to Methicillin susceptible Staphylococcus aureus,2018;2019;2020;2021;2022,principal_and_sensitivity,INF002,Septicemia,INF002;INF003,present_as_billable_in_official_annual_catalog
readmission.sepsis_or_acute_organ_dysfunction,sepsis,cause_label,3,CM,A4102,Sepsis due to Methicillin resistant Staphylococcus aureus,2018;2019;2020;2021;2022,principal_and_sensitivity,INF002,Septicemia,INF002;INF003,present_as_billable_in_official_annual_catalog
readmission.sepsis_or_acute_organ_dysfunction,sepsis,cause_label,3,CM,A411,Sepsis due to other specified staphylococcus,2018;2019;2020;2021;2022,principal_and_sensitivity,INF002,Septicemia,INF002;INF003,present_as_billable_in_official_annual_catalog
readmission.sepsis_or_acute_organ_dysfunction,sepsis,cause_label,3,CM,A412,Sepsis due to unspecified staphylococcus,2018;2019;2020;2021;2022,principal_and_sensitivity,INF002,Septicemia,INF002;INF003,present_as_billable_in_official_annual_catalog
readmission.sepsis_or_acute_organ_dysfunction,sepsis,cause_label,3,CM,A413,Sepsis due to Hemophilus influenzae,2018;2019;2020;2021;2022,principal_and_sensitivity,INF002,Septicemia,INF002;INF003,present_as_billable_in_official_annual_catalog
readmission.sepsis_or_acute_organ_dysfunction,sepsis,cause_label,3,CM,A414,Sepsis due to anaerobes,2018;2019;2020;2021;2022,principal_and_sensitivity,INF002,Septicemia,INF002;INF003,present_as_billable_in_official_annual_catalog
readmission.sepsis_or_acute_organ_dysfunction,sepsis,cause_label,3,CM,A4150,"Gram-negative sepsis, unspecified",2018;2019;2020;2021;2022,principal_and_sensitivity,INF002,Septicemia,INF002;INF003,present_as_billable_in_official_annual_catalog
readmission.sepsis_or_acute_organ_dysfunction,sepsis,cause_label,3,CM,A4151,Sepsis due to Escherichia coli [E. coli],2018;2019;2020;2021;2022,principal_and_sensitivity,INF002,Septicemia,INF002;INF003,present_as_billable_in_official_annual_catalog
readmission.sepsis_or_acute_organ_dysfunction,sepsis,cause_label,3,CM,A4152,Sepsis due to Pseudomonas,2018;2019;2020;2021;2022,principal_and_sensitivity,INF002,Septicemia,INF002;INF003,present_as_billable_in_official_annual_catalog
readmission.sepsis_or_acute_organ_dysfunction,sepsis,cause_label,3,CM,A4153,Sepsis due to Serratia,2018;2019;2020;2021;2022,principal_and_sensitivity,INF002,Septicemia,INF002;INF003,present_as_billable_in_official_annual_catalog
readmission.sepsis_or_acute_organ_dysfunction,sepsis,cause_label,3,CM,A4159,Other Gram-negative sepsis,2018;2019;2020;2021;2022,principal_and_sensitivity,INF002,Septicemia,INF002;INF003,present_as_billable_in_official_annual_catalog
readmission.sepsis_or_acute_organ_dysfunction,sepsis,cause_label,3,CM,A4181,Sepsis due to Enterococcus,2018;2019;2020;2021;2022,principal_and_sensitivity,INF002,Septicemia,INF002;INF003,present_as_billable_in_official_annual_catalog
readmission.sepsis_or_acute_organ_dysfunction,sepsis,cause_label,3,CM,A4189,Other specified sepsis,2018;2019;2020;2021;2022,principal_and_sensitivity,INF002,Septicemia,INF002;INF003,present_as_billable_in_official_annual_catalog
readmission.sepsis_or_acute_organ_dysfunction,sepsis,cause_label,3,CM,A419,"Sepsis, unspecified organism",2018;2019;2020;2021;2022,principal_and_sensitivity,INF002,Septicemia,INF002;INF003,present_as_billable_in_official_annual_catalog
readmission.sepsis_or_acute_organ_dysfunction,sepsis,cause_label,3,CM,R6520,Severe sepsis without septic shock,2018;2019;2020;2021;2022,principal_and_sensitivity,XXX000,Unacceptable PDX,INF002,present_as_billable_in_official_annual_catalog
readmission.sepsis_or_acute_organ_dysfunction,sepsis,cause_label,3,CM,R6521,Severe sepsis with septic shock,2018;2019;2020;2021;2022,principal_and_sensitivity,XXX000,Unacceptable PDX,INF002;SYM003,present_as_billable_in_official_annual_catalog
readmission.sepsis_or_acute_organ_dysfunction,shock,cause_label,3,CM,R570,Cardiogenic shock,2018;2019;2020;2021;2022,principal_and_sensitivity,SYM003,Shock,SYM003,present_as_billable_in_official_annual_catalog
readmission.sepsis_or_acute_organ_dysfunction,shock,cause_label,3,CM,R571,Hypovolemic shock,2018;2019;2020;2021;2022,principal_and_sensitivity,SYM003,Shock,SYM003,present_as_billable_in_official_annual_catalog
readmission.sepsis_or_acute_organ_dysfunction,shock,cause_label,3,CM,R578,Other shock,2018;2019;2020;2021;2022,principal_and_sensitivity,SYM003,Shock,SYM003,present_as_billable_in_official_annual_catalog
readmission.sepsis_or_acute_organ_dysfunction,shock,cause_label,3,CM,R579,"Shock, unspecified",2018;2019;2020;2021;2022,principal_and_sensitivity,SYM003,Shock,SYM003,present_as_billable_in_official_annual_catalog
context.biliary_procedure,cholecystectomy_partial,procedure_context_only,,PCS,0FB40ZZ,"Excision of Gallbladder, Open Approach",2018;2019;2020;2021;2022,feature_and_secondary_overlap_only,HEP006,Cholecystectomy,HEP006,present_as_billable_in_official_annual_catalog
context.biliary_procedure,cholecystectomy_partial,procedure_context_only,,PCS,0FB43ZZ,"Excision of Gallbladder, Percutaneous Approach",2018;2019;2020;2021;2022,feature_and_secondary_overlap_only,HEP006,Cholecystectomy,HEP006,present_as_billable_in_official_annual_catalog
context.biliary_procedure,cholecystectomy_partial,procedure_context_only,,PCS,0FB44ZZ,"Excision of Gallbladder, Percutaneous Endoscopic Approach",2018;2019;2020;2021;2022,feature_and_secondary_overlap_only,HEP006,Cholecystectomy,HEP006,present_as_billable_in_official_annual_catalog
context.biliary_procedure,cholecystectomy_partial,procedure_context_only,,PCS,0FB48ZZ,"Excision of Gallbladder, Via Natural or Artificial Opening Endoscopic",2018;2019;2020;2021;2022,feature_and_secondary_overlap_only,HEP006,Cholecystectomy,HEP006,present_as_billable_in_official_annual_catalog
context.biliary_procedure,cholecystectomy_total,procedure_context_only,,PCS,0FT40ZZ,"Resection of Gallbladder, Open Approach",2018;2019;2020;2021;2022,feature_and_secondary_overlap_only,HEP006,Cholecystectomy,HEP006,present_as_billable_in_official_annual_catalog
context.biliary_procedure,cholecystectomy_total,procedure_context_only,,PCS,0FT44ZZ,"Resection of Gallbladder, Percutaneous Endoscopic Approach",2018;2019;2020;2021;2022,feature_and_secondary_overlap_only,HEP006,Cholecystectomy,HEP006,present_as_billable_in_official_annual_catalog
context.biliary_procedure,ercp_clearance_proxy,procedure_context_only,,PCS,0FC98ZZ,"Extirpation of Matter from Common Bile Duct, Via Natural or Artificial Opening Endoscopic",2018;2019;2020;2021;2022,feature_and_secondary_overlap_only,HEP007,Biliary and pancreatic calculus removal,HEP007,present_as_billable_in_official_annual_catalog
context.biliary_procedure,ercp_clearance_proxy,procedure_context_only,,PCS,0FCC8ZZ,"Extirpation of Matter from Ampulla of Vater, Via Natural or Artificial Opening Endoscopic",2018;2019;2020;2021;2022,feature_and_secondary_overlap_only,HEP007,Biliary and pancreatic calculus removal,HEP007,present_as_billable_in_official_annual_catalog
context.biliary_procedure,ercp_clearance_proxy,procedure_context_only,,PCS,0FF98ZZ,"Fragmentation in Common Bile Duct, Via Natural or Artificial Opening Endoscopic",2018;2019;2020;2021;2022,feature_and_secondary_overlap_only,HEP007,Biliary and pancreatic calculus removal,HEP007,present_as_billable_in_official_annual_catalog
context.biliary_procedure,ercp_clearance_proxy,procedure_context_only,,PCS,0FFC8ZZ,"Fragmentation in Ampulla of Vater, Via Natural or Artificial Opening Endoscopic",2018;2019;2020;2021;2022,feature_and_secondary_overlap_only,HEP007,Biliary and pancreatic calculus removal,HEP007,present_as_billable_in_official_annual_catalog
context.biliary_procedure,ercp_diagnostic,procedure_context_only,,PCS,0F998ZX,"Drainage of Common Bile Duct, Via Natural or Artificial Opening Endoscopic, Diagnostic",2018;2019;2020;2021;2022,feature_and_secondary_overlap_only,HEP003,Diagnostic ERCP with or without biopsy,HEP003,present_as_billable_in_official_annual_catalog
context.biliary_procedure,ercp_diagnostic,procedure_context_only,,PCS,0F9C8ZX,"Drainage of Ampulla of Vater, Via Natural or Artificial Opening Endoscopic, Diagnostic",2018;2019;2020;2021;2022,feature_and_secondary_overlap_only,HEP003,Diagnostic ERCP with or without biopsy,HEP003,present_as_billable_in_official_annual_catalog
context.biliary_procedure,ercp_diagnostic,procedure_context_only,,PCS,0FB98ZX,"Excision of Common Bile Duct, Via Natural or Artificial Opening Endoscopic, Diagnostic",2018;2019;2020;2021;2022,feature_and_secondary_overlap_only,HEP003,Diagnostic ERCP with or without biopsy,HEP003,present_as_billable_in_official_annual_catalog
context.biliary_procedure,ercp_diagnostic,procedure_context_only,,PCS,0FBC8ZX,"Excision of Ampulla of Vater, Via Natural or Artificial Opening Endoscopic, Diagnostic",2018;2019;2020;2021;2022,feature_and_secondary_overlap_only,HEP003,Diagnostic ERCP with or without biopsy,HEP003,present_as_billable_in_official_annual_catalog
context.biliary_procedure,ercp_diagnostic,procedure_context_only,,PCS,0FD98ZX,"Extraction of Common Bile Duct, Via Natural or Artificial Opening Endoscopic, Diagnostic",2019;2020;2021;2022,feature_and_secondary_overlap_only,HEP003,Diagnostic ERCP with or without biopsy,HEP003,present_as_billable_in_official_annual_catalog
context.biliary_procedure,ercp_diagnostic,procedure_context_only,,PCS,0FDC8ZX,"Extraction of Ampulla of Vater, Via Natural or Artificial Opening Endoscopic, Diagnostic",2019;2020;2021;2022,feature_and_secondary_overlap_only,HEP003,Diagnostic ERCP with or without biopsy,HEP003,present_as_billable_in_official_annual_catalog
context.biliary_procedure,ercp_diagnostic,procedure_context_only,,PCS,0FJB8ZZ,"Inspection of Hepatobiliary Duct, Via Natural or Artificial Opening Endoscopic",2018;2019;2020;2021;2022,feature_and_secondary_overlap_only,HEP003,Diagnostic ERCP with or without biopsy,HEP003,present_as_billable_in_official_annual_catalog
context.biliary_procedure,ercp_therapeutic,procedure_context_only,,PCS,0F598ZZ,"Destruction of Common Bile Duct, Via Natural or Artificial Opening Endoscopic",2018;2019;2020;2021;2022,feature_and_secondary_overlap_only,HEP004,Hepatobiliary resection and ablation,HEP004,present_as_billable_in_official_annual_catalog
context.biliary_procedure,ercp_therapeutic,procedure_context_only,,PCS,0F5C8ZZ,"Destruction of Ampulla of Vater, Via Natural or Artificial Opening Endoscopic",2018;2019;2020;2021;2022,feature_and_secondary_overlap_only,HEP005,Pancreatectomy,HEP005,present_as_billable_in_official_annual_catalog
context.biliary_procedure,ercp_therapeutic,procedure_context_only,,PCS,0F798DZ,"Dilation of Common Bile Duct with Intraluminal Device, Via Natural or Artificial Opening Endoscopic",2018;2019;2020;2021;2022,feature_and_secondary_overlap_only,HEP008,Common bile duct sphincterotomy and stenting,HEP008,present_as_billable_in_official_annual_catalog
context.biliary_procedure,ercp_therapeutic,procedure_context_only,,PCS,0F798ZZ,"Dilation of Common Bile Duct, Via Natural or Artificial Opening Endoscopic",2018;2019;2020;2021;2022,feature_and_secondary_overlap_only,HEP008,Common bile duct sphincterotomy and stenting,HEP008,present_as_billable_in_official_annual_catalog
context.biliary_procedure,ercp_therapeutic,procedure_context_only,,PCS,0F7C8DZ,"Dilation of Ampulla of Vater with Intraluminal Device, Via Natural or Artificial Opening Endoscopic",2018;2019;2020;2021;2022,feature_and_secondary_overlap_only,HEP008,Common bile duct sphincterotomy and stenting,HEP008,present_as_billable_in_official_annual_catalog
context.biliary_procedure,ercp_therapeutic,procedure_context_only,,PCS,0F7C8ZZ,"Dilation of Ampulla of Vater, Via Natural or Artificial Opening Endoscopic",2018;2019;2020;2021;2022,feature_and_secondary_overlap_only,HEP008,Common bile duct sphincterotomy and stenting,HEP008,present_as_billable_in_official_annual_catalog
context.biliary_procedure,ercp_therapeutic,procedure_context_only,,PCS,0F9980Z,"Drainage of Common Bile Duct with Drainage Device, Via Natural or Artificial Opening Endoscopic",2018;2019;2020;2021;2022,feature_and_secondary_overlap_only,HEP010,Hepatobiliary and pancreatic drainage,HEP010,present_as_billable_in_official_annual_catalog
context.biliary_procedure,ercp_therapeutic,procedure_context_only,,PCS,0F998ZZ,"Drainage of Common Bile Duct, Via Natural or Artificial Opening Endoscopic",2018;2019;2020;2021;2022,feature_and_secondary_overlap_only,HEP010,Hepatobiliary and pancreatic drainage,HEP010,present_as_billable_in_official_annual_catalog
context.biliary_procedure,ercp_therapeutic,procedure_context_only,,PCS,0F9C80Z,"Drainage of Ampulla of Vater with Drainage Device, Via Natural or Artificial Opening Endoscopic",2018;2019;2020;2021;2022,feature_and_secondary_overlap_only,HEP010,Hepatobiliary and pancreatic drainage,HEP010,present_as_billable_in_official_annual_catalog
context.biliary_procedure,ercp_therapeutic,procedure_context_only,,PCS,0F9C8ZZ,"Drainage of Ampulla of Vater, Via Natural or Artificial Opening Endoscopic",2018;2019;2020;2021;2022,feature_and_secondary_overlap_only,HEP010,Hepatobiliary and pancreatic drainage,HEP010,present_as_billable_in_official_annual_catalog
context.biliary_procedure,ercp_therapeutic,procedure_context_only,,PCS,0FB98ZZ,"Excision of Common Bile Duct, Via Natural or Artificial Opening Endoscopic",2018;2019;2020;2021;2022,feature_and_secondary_overlap_only,HEP004,Hepatobiliary resection and ablation,HEP004,present_as_billable_in_official_annual_catalog
context.biliary_procedure,ercp_therapeutic,procedure_context_only,,PCS,0FBC8ZZ,"Excision of Ampulla of Vater, Via Natural or Artificial Opening Endoscopic",2018;2019;2020;2021;2022,feature_and_secondary_overlap_only,HEP005,Pancreatectomy,HEP005,present_as_billable_in_official_annual_catalog
context.biliary_procedure,ercp_therapeutic,procedure_context_only,,PCS,0FHB81Z,"Insertion of Radioactive Element into Hepatobiliary Duct, Via Natural or Artificial Opening Endoscopic",2018;2019;2020;2021;2022,feature_and_secondary_overlap_only,RAD002,Brachytherapy,RAD002,present_as_billable_in_official_annual_catalog
context.biliary_procedure,ercp_therapeutic,procedure_context_only,,PCS,0FHB82Z,"Insertion of Monitoring Device into Hepatobiliary Duct, Via Natural or Artificial Opening Endoscopic",2018;2019;2020;2021;2022,feature_and_secondary_overlap_only,HEP013,"Hepatobiliary and pancreatic procedures, NEC",HEP013,present_as_billable_in_official_annual_catalog
context.biliary_procedure,ercp_therapeutic,procedure_context_only,,PCS,0FHB83Z,"Insertion of Infusion Device into Hepatobiliary Duct, Via Natural or Artificial Opening Endoscopic",2018;2019;2020;2021;2022,feature_and_secondary_overlap_only,HEP013,"Hepatobiliary and pancreatic procedures, NEC",HEP013,present_as_billable_in_official_annual_catalog
context.biliary_procedure,ercp_therapeutic,procedure_context_only,,PCS,0FHB8DZ,"Insertion of Intraluminal Device into Hepatobiliary Duct, Via Natural or Artificial Opening Endoscopic",2018;2019;2020;2021;2022,feature_and_secondary_overlap_only,HEP010,Hepatobiliary and pancreatic drainage,HEP010,present_as_billable_in_official_annual_catalog
context.biliary_procedure,ercp_therapeutic,procedure_context_only,,PCS,0FHB8YZ,"Insertion of Other Device into Hepatobiliary Duct, Via Natural or Artificial Opening Endoscopic",2018;2019;2020;2021;2022,feature_and_secondary_overlap_only,HEP013,"Hepatobiliary and pancreatic procedures, NEC",HEP013,present_as_billable_in_official_annual_catalog
context.biliary_procedure,ercp_therapeutic,procedure_context_only,,PCS,0FPB80Z,"Removal of Drainage Device from Hepatobiliary Duct, Via Natural or Artificial Opening Endoscopic",2018;2019;2020;2021;2022,feature_and_secondary_overlap_only,HEP010,Hepatobiliary and pancreatic drainage,HEP010,present_as_billable_in_official_annual_catalog
context.biliary_procedure,ercp_therapeutic,procedure_context_only,,PCS,0FPB81Z,"Removal of Radioactive Element from Hepatobiliary Duct, Via Natural or Artificial Opening Endoscopic",2018;2019;2020;2021;2022,feature_and_secondary_overlap_only,RAD002,Brachytherapy,RAD002,present_as_billable_in_official_annual_catalog
context.biliary_procedure,ercp_therapeutic,procedure_context_only,,PCS,0FPB82Z,"Removal of Monitoring Device from Hepatobiliary Duct, Via Natural or Artificial Opening Endoscopic",2018;2019;2020;2021;2022,feature_and_secondary_overlap_only,HEP013,"Hepatobiliary and pancreatic procedures, NEC",HEP013,present_as_billable_in_official_annual_catalog
context.biliary_procedure,ercp_therapeutic,procedure_context_only,,PCS,0FPB83Z,"Removal of Infusion Device from Hepatobiliary Duct, Via Natural or Artificial Opening Endoscopic",2018;2019;2020;2021;2022,feature_and_secondary_overlap_only,HEP013,"Hepatobiliary and pancreatic procedures, NEC",HEP013,present_as_billable_in_official_annual_catalog
context.biliary_procedure,ercp_therapeutic,procedure_context_only,,PCS,0FPB87Z,"Removal of Autologous Tissue Substitute from Hepatobiliary Duct, Via Natural or Artificial Opening Endoscopic",2018;2019;2020;2021;2022,feature_and_secondary_overlap_only,HEP013,"Hepatobiliary and pancreatic procedures, NEC",HEP013,present_as_billable_in_official_annual_catalog
context.biliary_procedure,ercp_therapeutic,procedure_context_only,,PCS,0FPB8CZ,"Removal of Extraluminal Device from Hepatobiliary Duct, Via Natural or Artificial Opening Endoscopic",2018;2019;2020;2021;2022,feature_and_secondary_overlap_only,HEP013,"Hepatobiliary and pancreatic procedures, NEC",HEP013,present_as_billable_in_official_annual_catalog
context.biliary_procedure,ercp_therapeutic,procedure_context_only,,PCS,0FPB8DZ,"Removal of Intraluminal Device from Hepatobiliary Duct, Via Natural or Artificial Opening Endoscopic",2018;2019;2020;2021;2022,feature_and_secondary_overlap_only,HEP010,Hepatobiliary and pancreatic drainage,HEP010,present_as_billable_in_official_annual_catalog
context.biliary_procedure,ercp_therapeutic,procedure_context_only,,PCS,0FPB8JZ,"Removal of Synthetic Substitute from Hepatobiliary Duct, Via Natural or Artificial Opening Endoscopic",2018;2019;2020;2021;2022,feature_and_secondary_overlap_only,HEP013,"Hepatobiliary and pancreatic procedures, NEC",HEP013,present_as_billable_in_official_annual_catalog
context.biliary_procedure,ercp_therapeutic,procedure_context_only,,PCS,0FPB8KZ,"Removal of Nonautologous Tissue Substitute from Hepatobiliary Duct, Via Natural or Artificial Opening Endoscopic",2018;2019;2020;2021;2022,feature_and_secondary_overlap_only,HEP013,"Hepatobiliary and pancreatic procedures, NEC",HEP013,present_as_billable_in_official_annual_catalog
context.biliary_procedure,ercp_therapeutic,procedure_context_only,,PCS,0FPB8YZ,"Removal of Other Device from Hepatobiliary Duct, Via Natural or Artificial Opening Endoscopic",2018;2019;2020;2021;2022,feature_and_secondary_overlap_only,HEP013,"Hepatobiliary and pancreatic procedures, NEC",HEP013,present_as_billable_in_official_annual_catalog
context.biliary_procedure,ercp_therapeutic,procedure_context_only,,PCS,0FWB80Z,"Revision of Drainage Device in Hepatobiliary Duct, Via Natural or Artificial Opening Endoscopic",2018;2019;2020;2021;2022,feature_and_secondary_overlap_only,HEP010,Hepatobiliary and pancreatic drainage,HEP010,present_as_billable_in_official_annual_catalog
context.biliary_procedure,ercp_therapeutic,procedure_context_only,,PCS,0FWB82Z,"Revision of Monitoring Device in Hepatobiliary Duct, Via Natural or Artificial Opening Endoscopic",2018;2019;2020;2021;2022,feature_and_secondary_overlap_only,HEP013,"Hepatobiliary and pancreatic procedures, NEC",HEP013,present_as_billable_in_official_annual_catalog
context.biliary_procedure,ercp_therapeutic,procedure_context_only,,PCS,0FWB83Z,"Revision of Infusion Device in Hepatobiliary Duct, Via Natural or Artificial Opening Endoscopic",2018;2019;2020;2021;2022,feature_and_secondary_overlap_only,HEP013,"Hepatobiliary and pancreatic procedures, NEC",HEP013,present_as_billable_in_official_annual_catalog
context.biliary_procedure,ercp_therapeutic,procedure_context_only,,PCS,0FWB87Z,"Revision of Autologous Tissue Substitute in Hepatobiliary Duct, Via Natural or Artificial Opening Endoscopic",2018;2019;2020;2021;2022,feature_and_secondary_overlap_only,HEP013,"Hepatobiliary and pancreatic procedures, NEC",HEP013,present_as_billable_in_official_annual_catalog
context.biliary_procedure,ercp_therapeutic,procedure_context_only,,PCS,0FWB8CZ,"Revision of Extraluminal Device in Hepatobiliary Duct, Via Natural or Artificial Opening Endoscopic",2018;2019;2020;2021;2022,feature_and_secondary_overlap_only,HEP013,"Hepatobiliary and pancreatic procedures, NEC",HEP013,present_as_billable_in_official_annual_catalog
context.biliary_procedure,ercp_therapeutic,procedure_context_only,,PCS,0FWB8DZ,"Revision of Intraluminal Device in Hepatobiliary Duct, Via Natural or Artificial Opening Endoscopic",2018;2019;2020;2021;2022,feature_and_secondary_overlap_only,HEP010,Hepatobiliary and pancreatic drainage,HEP010,present_as_billable_in_official_annual_catalog
context.biliary_procedure,ercp_therapeutic,procedure_context_only,,PCS,0FWB8JZ,"Revision of Synthetic Substitute in Hepatobiliary Duct, Via Natural or Artificial Opening Endoscopic",2018;2019;2020;2021;2022,feature_and_secondary_overlap_only,HEP013,"Hepatobiliary and pancreatic procedures, NEC",HEP013,present_as_billable_in_official_annual_catalog
context.biliary_procedure,ercp_therapeutic,procedure_context_only,,PCS,0FWB8KZ,"Revision of Nonautologous Tissue Substitute in Hepatobiliary Duct, Via Natural or Artificial Opening Endoscopic",2018;2019;2020;2021;2022,feature_and_secondary_overlap_only,HEP013,"Hepatobiliary and pancreatic procedures, NEC",HEP013,present_as_billable_in_official_annual_catalog
context.biliary_procedure,ercp_therapeutic,procedure_context_only,,PCS,0FWB8YZ,"Revision of Other Device in Hepatobiliary Duct, Via Natural or Artificial Opening Endoscopic",2018;2019;2020;2021;2022,feature_and_secondary_overlap_only,HEP013,"Hepatobiliary and pancreatic procedures, NEC",HEP013,present_as_billable_in_official_annual_catalog
context.biliary_procedure,percutaneous_biliary_drainage,procedure_context_only,,PCS,0F9930Z,"Drainage of Common Bile Duct with Drainage Device, Percutaneous Approach",2018;2019;2020;2021;2022,feature_and_secondary_overlap_only,HEP010,Hepatobiliary and pancreatic drainage,HEP010,present_as_billable_in_official_annual_catalog
context.biliary_procedure,percutaneous_cholecystostomy,procedure_context_only,,PCS,0F9430Z,"Drainage of Gallbladder with Drainage Device, Percutaneous Approach",2018;2019;2020;2021;2022,feature_and_secondary_overlap_only,HEP010,Hepatobiliary and pancreatic drainage,HEP010,present_as_billable_in_official_annual_catalog
context.biliary_procedure,percutaneous_cholecystostomy,procedure_context_only,,PCS,0F9440Z,"Drainage of Gallbladder with Drainage Device, Percutaneous Endoscopic Approach",2018;2019;2020;2021;2022,feature_and_secondary_overlap_only,HEP010,Hepatobiliary and pancreatic drainage,HEP010,present_as_billable_in_official_annual_catalog
context.biliary_procedure,surgical_bile_duct_exploration,procedure_context_only,,PCS,0FJB0ZZ,"Inspection of Hepatobiliary Duct, Open Approach",2018;2019;2020;2021;2022,feature_and_secondary_overlap_only,HEP002,Pancreaticobiliary biopsy,HEP002,present_as_billable_in_official_annual_catalog
context.biliary_procedure,surgical_bile_duct_exploration,procedure_context_only,,PCS,0FJB4ZZ,"Inspection of Hepatobiliary Duct, Percutaneous Endoscopic Approach",2018;2019;2020;2021;2022,feature_and_secondary_overlap_only,HEP002,Pancreaticobiliary biopsy,HEP002,present_as_billable_in_official_annual_catalog
context.biliary_procedure,surgical_cbd_clearance,procedure_context_only,,PCS,0FC90ZZ,"Extirpation of Matter from Common Bile Duct, Open Approach",2018;2019;2020;2021;2022,feature_and_secondary_overlap_only,HEP007,Biliary and pancreatic calculus removal,HEP007,present_as_billable_in_official_annual_catalog
context.biliary_procedure,surgical_cbd_clearance,procedure_context_only,,PCS,0FC94ZZ,"Extirpation of Matter from Common Bile Duct, Percutaneous Endoscopic Approach",2018;2019;2020;2021;2022,feature_and_secondary_overlap_only,HEP007,Biliary and pancreatic calculus removal,HEP007,present_as_billable_in_official_annual_catalog
context.biliary_procedure,surgical_cbd_clearance,procedure_context_only,,PCS,0FF90ZZ,"Fragmentation in Common Bile Duct, Open Approach",2018;2019;2020;2021;2022,feature_and_secondary_overlap_only,HEP007,Biliary and pancreatic calculus removal,HEP007,present_as_billable_in_official_annual_catalog
context.biliary_procedure,surgical_cbd_clearance,procedure_context_only,,PCS,0FF94ZZ,"Fragmentation in Common Bile Duct, Percutaneous Endoscopic Approach",2018;2019;2020;2021;2022,feature_and_secondary_overlap_only,HEP007,Biliary and pancreatic calculus removal,HEP007,present_as_billable_in_official_annual_catalog
